happiness,cond,Vsafe,riskyHi,riskyLo,choseRisky,subjectWon,partnerWon,rewardSubj,rewardPart,subject,EV,ineq,ineqAdv,ineqDisadv,sRPE,pRPE,subjDecided,socialTrial
1.40404850009765,2,0.2,0.56,0,1,1,1,0.56,0.56,1,0.28,0,0,0,0.28,0.28,0,1
1.22326972326104,1,-0.2,0,-0.5,1,0,1,-0.5,0,1,-0.25,1,NaN,1,-0.25,0.25,1,1
0.409765227496308,2,0,0.15,-0.08,1,1,0,0.15,-0.08,1,0.035,1,1,NaN,0.115,-0.115,0,1
-1.21724376403315,1,-0.1,0,-0.18,1,1,0,0,-0.18,1,-0.09,1,1,NaN,0.09,-0.09,1,1
0.590544004332915,2,0.15,0.63,0,1,1,1,0.63,0.63,1,0.315,0,0,0,0.315,0.315,0,1
-0.132571103013512,2,0,0.15,-0.05,1,1,0,0.15,-0.05,1,0.05,1,1,NaN,0.1,-0.1,0,1
1.40404850009765,2,0.15,0.63,0,1,1,0,0.63,0,1,0.315,1,1,NaN,0.315,-0.315,0,1
0.590544004332915,1,0.25,0.5,0,1,1,0,0.5,0,1,0.25,1,1,NaN,0.25,-0.25,1,1
0.751978561624407,1,0,0.25,-0.05,1,1,0,0.25,-0.05,1,0.1,1,1,NaN,0.15,-0.15,1,1
-1.27674057944863,1,0,0.4,-0.2,1,1,0,0.4,-0.2,1,0.1,1,1,NaN,0.3,-0.3,1,1
-2.25052576716369,1,0.3,1.26,0,1,0,0,0,0,1,0.63,0,NaN,NaN,-0.63,-0.63,1,1
-1.19559181380571,2,0.15,0.75,0,1,0,0,0,0,1,0.375,0,NaN,NaN,-0.375,-0.375,0,1
0.427383499052721,2,0.1,0.32,0,1,1,0,0.32,0,1,0.16,1,1,NaN,0.16,-0.16,0,1
0.914276092910251,2,0,0.75,-0.67,1,1,0,0.75,-0.67,1,0.04,1,1,NaN,0.71,-0.71,0,1
1.80691251498239,2,0.3,1.26,0,1,1,1,1.26,1.26,1,0.63,0,0,0,0.63,0.63,0,1
0.589681030338564,2,0,0.25,-0.05,1,1,0,0.25,-0.05,1,0.1,1,1,NaN,0.15,-0.15,0,1
1.00856863577554,2,0,0.55,-0.28,1,1,0,0.55,-0.28,1,0.135,1,1,NaN,0.415,-0.415,0,1
0.860612356688665,1,0,0.25,-0.09,1,0,1,-0.09,0.25,1,0.08,1,NaN,1,-0.17,0.17,1,1
-0.470994155093224,2,0,0.4,-0.14,1,0,0,-0.14,-0.14,1,0.13,0,NaN,NaN,-0.27,-0.27,0,1
0.860612356688665,1,0.15,0.63,0,1,1,0,0.63,0,1,0.315,1,1,NaN,0.315,-0.315,1,1
0.712656077601789,2,0.1,0.28,0,1,0,1,0,0.28,1,0.14,1,NaN,1,-0.14,0.14,0,1
-1.72862252733167,1,0.2,0.72,0,1,0,0,0,0,1,0.36,0,NaN,NaN,-0.36,-0.36,1,1
0.416743519428036,2,0.3,1.08,0,1,0,1,0,1.08,1,0.54,1,NaN,1,-0.54,0.54,0,1
2.01272224426693,2,0,0.25,-0.16,1,1,1,0.25,0.25,2,0.045,0,0,0,0.205,0.205,0,1
0.056785267079631,1,0,0.4,-0.4,1,1,0,0.4,-0.4,2,0,1,1,NaN,0.4,-0.4,1,1
1.25558534987184,1,0,0.55,-0.55,1,1,1,0.55,0.55,2,0,0,0,0,0.55,0.55,1,1
1.31868009107143,2,0,0.55,-0.19,1,1,0,0.55,-0.19,2,0.18,1,1,NaN,0.37,-0.37,0,1
-1.14201481571258,1,0.3,1.5,0,1,0,0,0,0,2,0.75,0,NaN,NaN,-0.75,-0.75,1,1
1.57105905586979,1,0.25,0.5,0,1,1,1,0.5,0.5,2,0.25,0,0,0,0.25,0.25,1,1
1.31868009107143,2,0,0.75,-0.38,1,1,1,0.75,0.75,2,0.185,0,0,0,0.565,0.565,0,1
-0.19559369771873,2,0.15,0.37,0,1,0,1,0,0.37,2,0.185,1,NaN,1,-0.185,0.185,0,1
0.940111643873893,1,0,0.25,-0.25,1,1,1,0.25,0.25,2,0,0,0,0,0.25,0.25,1,1
-0.826541109714631,1,0.3,0.84,0,1,0,1,0,0.84,2,0.42,1,NaN,1,-0.42,0.42,1,1
-0.57416214491627,1,0.15,0.47,0,1,0,0,0,0,2,0.235,0,NaN,NaN,-0.235,-0.235,1,1
-0.952730592113811,2,-0.3,0,-0.55,1,0,0,-0.55,-0.55,2,-0.275,0,NaN,NaN,-0.275,-0.275,0,1
-0.952730592113811,1,0.3,0.67,0,1,0,0,0,0,2,0.335,0,NaN,NaN,-0.335,-0.335,1,1
-1.72838367521156,2,0,0.4,-0.26,1,0,1,-0.26,0.4,2,0.07,1,NaN,1,-0.33,0.33,0,1
-0.754646393402231,1,0.25,1.05,0,1,0,0,0,0,2,0.525,0,NaN,NaN,-0.525,-0.525,1,1
0.705959529311765,2,0,0.55,-0.28,1,1,0,0.55,-0.28,2,0.135,1,1,NaN,0.415,-0.415,0,1
-0.916935940370453,1,0.2,0.5,0,1,0,0,0,0,2,0.25,0,NaN,NaN,-0.25,-0.25,1,1
1.03053862324821,2,0,0.55,-0.28,1,1,1,0.55,0.55,2,0.135,0,0,0,0.415,0.415,0,1
2.08542067854165,2,0.25,0.7,0,1,1,0,0.7,0,2,0.35,1,1,NaN,0.35,-0.35,0,1
1.51740726415287,1,0,0.25,-0.28,1,1,1,0.25,0.25,2,-0.015,0,0,0,0.265,0.265,1,1
0.381380435375321,1,0.2,0.4,0,1,1,0,0.4,0,2,0.2,1,1,NaN,0.2,-0.2,1,1
0.381380435375321,2,-0.25,0,-0.46,1,1,0,0,-0.46,2,-0.23,1,1,NaN,0.23,-0.23,0,1
0.219090888407099,2,0,0.4,-0.08,1,1,1,0.4,0.4,2,0.16,0,0,0,0.24,0.24,0,1
0.868249076279986,2,-0.2,0,-0.36,1,1,0,0,-0.36,2,-0.18,1,1,NaN,0.18,-0.18,0,1
-0.59235684643401,2,-0.2,0,-0.36,1,0,1,-0.36,0,2,-0.18,1,NaN,1,-0.18,0.18,0,1
-1.73522376001428,2,0,0.4,-0.36,1,0,0,-0.36,-0.36,2,0.02,0,NaN,NaN,-0.38,-0.38,0,1
1.01701936387544,2,-0.15,0,-0.27,1,1,1,0,0,2,-0.135,0,0,0,0.135,0.135,0,1
-1.73522376001428,2,0,0.55,-0.42,1,0,0,-0.42,-0.42,2,0.065,0,NaN,NaN,-0.485,-0.485,0,1
-1.73522376001428,2,0,0.75,-0.67,1,0,1,-0.67,0.75,2,0.04,1,NaN,1,-0.71,0.71,0,1
-1.34204617088718,2,0,0.15,-0.1,1,0,0,-0.1,-0.1,2,0.025,0,NaN,NaN,-0.125,-0.125,0,1
0.230664185621234,1,0.1,0.22,0,1,0,1,0,0.22,2,0.11,1,NaN,1,-0.11,0.11,1,1
0.859748328224598,1,0,0.25,-0.22,1,1,0,0.25,-0.22,2,0.015,1,1,NaN,0.235,-0.235,1,1
0.702477292573757,1,0.25,0.5,0,1,1,1,0.5,0.5,2,0.25,0,0,0,0.25,0.25,1,1
-0.0838778856804486,1,0,0.15,-0.12,1,0,1,-0.12,0.15,2,0.015,1,NaN,1,-0.135,0.135,1,1
1.01701936387544,1,0,0.4,-0.2,1,1,0,0.4,-0.2,2,0.1,1,1,NaN,0.3,-0.3,1,1
1.48883247082796,1,0.3,0.95,0,1,1,0,0.95,0,2,0.475,1,1,NaN,0.475,-0.475,1,1
0.53663819377768,1,0,0.4,-0.44,1,1,1,0.4,0.4,3,-0.02,0,0,0,0.42,0.42,1,1
-1.4049673314481,1,-0.1,0,-0.32,1,0,1,-0.32,0,3,-0.16,1,NaN,1,-0.16,0.16,1,1
1.50744095639057,2,0.25,0.79,0,1,1,1,0.79,0.79,3,0.395,0,0,0,0.395,0.395,0,1
-1.08136641057713,2,0.25,0.79,0,1,0,0,0,0,3,0.395,0,NaN,NaN,-0.395,-0.395,0,1
1.66924141682605,2,0,0.75,-0.48,1,0,0,-0.48,-0.48,3,0.135,0,NaN,NaN,-0.615,-0.615,0,1
-0.191463878181986,1,-0.25,0,-0.46,1,1,0,0,-0.46,3,-0.23,1,1,NaN,0.23,-0.23,1,1
-0.191463878181986,2,0.1,0.22,0,1,1,0,0.22,0,3,0.11,1,1,NaN,0.11,-0.11,0,1
-1.4049673314481,2,0.3,0.74,0,1,0,1,0,0.74,3,0.37,1,NaN,1,-0.37,0.37,0,1
-1.56676779188358,1,0,0.4,-0.8,1,0,1,-0.8,0.4,3,-0.2,1,NaN,1,-0.6,0.6,1,1
-0.191463878181986,2,0,0.25,-0.09,1,1,0,0.25,-0.09,3,0.08,1,1,NaN,0.17,-0.17,0,1
-0.191463878181986,2,0,0.15,-0.13,1,1,0,0.15,-0.13,3,0.01,1,1,NaN,0.14,-0.14,0,1
-1.08136641057713,1,0,0.4,-0.54,1,1,0,0.4,-0.54,3,-0.07,1,1,NaN,0.47,-0.47,1,1
-1.4049673314481,1,-0.1,0,-0.25,1,0,1,-0.25,0,3,-0.125,1,NaN,1,-0.125,0.125,1,1
-0.191463878181986,2,0,0.4,-0.14,1,0,0,-0.14,-0.14,3,0.13,0,NaN,NaN,-0.27,-0.27,0,1
0.617538423995421,1,0,0.25,-0.5,1,1,1,0.25,0.25,3,-0.125,0,0,0,0.375,0.375,1,1
1.83104187726153,1,0.15,0.42,0,1,1,1,0.42,0.42,3,0.21,0,0,0,0.21,0.21,1,1
1.75014164704379,2,0.2,0.63,0,1,1,1,0.63,0.63,3,0.315,0,0,0,0.315,0.315,0,1
-0.114562140219275,2,0.15,0.33,0,1,0,0,0,0,3,0.165,0,NaN,NaN,-0.165,-0.165,0,1
-1.94268139903749,1,0.25,0.7,0,1,0,0,0,0,3,0.35,0,NaN,NaN,-0.35,-0.35,1,1
-0.114562140219275,1,-0.25,0,-0.46,1,0,1,-0.46,0,3,-0.23,1,NaN,1,-0.23,0.23,1,1
1.64043234824621,1,0,0.25,-0.28,1,0,0,-0.28,-0.28,3,-0.015,0,NaN,NaN,-0.265,-0.265,1,1
-0.407061221630188,1,0,0.75,-0.38,1,1,0,0.75,-0.38,3,0.185,1,1,NaN,0.565,-0.565,1,1
0.177936941191639,2,0.3,0.95,0,1,1,0,0.95,0,3,0.475,1,1,NaN,0.475,-0.475,0,1
-1.50393277692112,1,-0.2,0,-0.63,1,0,1,-0.63,0,3,-0.315,1,NaN,1,-0.315,0.315,1,1
-0.114562140219275,1,0.1,0.36,0,1,0,0,0,0,3,0.18,0,NaN,NaN,-0.18,-0.18,1,1
-1.2114336955102,1,-0.1,0,-0.22,1,1,1,0,0,3,-0.11,0,0,0,0.11,0.11,1,1
1.20168372612984,1,0.25,0.9,0,1,1,1,0.9,0.9,3,0.45,0,0,0,0.45,0.45,1,1
-1.79643185833203,2,0,0.75,-0.58,1,0,1,-0.58,0.75,3,0.085,1,NaN,1,-0.665,0.665,0,1
-0.114562140219275,2,0.15,0.47,0,1,0,0,0,0,3,0.235,0,NaN,NaN,-0.235,-0.235,0,1
-0.114562140219275,2,0.1,0.36,0,1,0,0,0,0,3,0.18,0,NaN,NaN,-0.18,-0.18,0,1
1.64043234824621,1,0,0.4,-0.31,1,1,1,0.4,0.4,3,0.045,0,0,0,0.355,0.355,1,1
-1.16010382246961,1,0.25,1.25,0,1,0,0,0,0,3,0.625,0,NaN,NaN,-0.625,-0.625,1,1
2.20793953308733,2,0.25,0.9,0,1,1,1,0.9,0.9,3,0.45,0,0,0,0.45,0.45,0,1
-1.06654706259303,2,-0.15,0,-0.25,1,0,1,-0.25,0,3,-0.125,1,NaN,1,-0.125,0.125,0,1
0.523917855308858,1,0,0.25,-0.05,1,1,0,0.25,-0.05,3,0.1,1,1,NaN,0.15,-0.15,1,1
0.523917855308858,1,-0.3,0,-0.6,1,1,1,0,0,3,-0.3,0,0,0,0.3,0.3,1,1
-1.34721734222278,1,0.2,1,0,1,0,0,0,0,3,0.5,0,NaN,NaN,-0.5,-0.5,1,1
0.523917855308858,1,-0.1,0,-0.18,1,1,1,0,0,3,-0.09,0,0,0,0.09,0.09,1,1
0.523917855308858,1,0.25,0.5,0,1,0,1,0,0.5,3,0.25,1,NaN,1,-0.25,0.25,1,1
0.523917855308858,2,0.3,0.95,0,1,0,1,0,0.95,3,0.475,1,NaN,1,-0.475,0.475,0,1
0.523917855308858,1,0.25,0.46,0,1,1,0,0.46,0,3,0.23,1,1,NaN,0.23,-0.23,1,1
-1.53433086197594,1,0.25,1.25,0,1,0,0,0,0,3,0.625,0,NaN,NaN,-0.625,-0.625,1,1
0.523917855308858,1,0.2,0.63,0,1,0,1,0,0.63,3,0.315,1,NaN,1,-0.315,0.315,1,1
-0.436127035450557,1,0.15,0.42,0,1,0,1,0,0.42,4,0.21,1,NaN,1,-0.21,0.21,1,1
0.275917104060557,1,0.15,0.63,0,1,1,0,0.63,0,4,0.315,1,1,NaN,0.315,-0.315,1,1
-0.970160140083893,2,0,0.75,-0.67,1,0,0,-0.67,-0.67,4,0.04,0,NaN,NaN,-0.71,-0.71,0,1
0.987961243571671,2,0,0.25,-0.16,1,1,1,0.25,0.25,4,0.045,0,0,0,0.205,0.205,0,1
1.16597227844945,2,0.15,0.63,0,1,1,0,0.63,0,4,0.315,1,1,NaN,0.315,-0.315,0,1
-0.0801049656950002,2,0.15,0.63,0,1,0,1,0,0.63,4,0.315,1,NaN,1,-0.315,0.315,0,1
-2.21623738422834,1,0.2,0.72,0,1,0,0,0,0,4,0.36,0,NaN,NaN,-0.36,-0.36,1,1
1.16597227844945,1,-0.25,0,-0.5,1,1,1,0,0,4,-0.25,0,0,0,0.25,0.25,1,1
0.275917104060557,1,0.1,0.25,0,1,1,0,0.25,0,4,0.125,1,1,NaN,0.125,-0.125,1,1
1.78901090052167,1,0,0.25,-0.34,1,1,1,0.25,0.25,4,-0.045,0,0,0,0.295,0.295,1,1
0.453928138938336,2,0.1,0.42,0,1,0,1,0,0.42,4,0.21,1,NaN,1,-0.21,0.21,0,1
0.987961243571671,2,0,0.15,-0.05,1,1,0,0.15,-0.05,4,0.05,1,1,NaN,0.1,-0.1,0,1
-1.86021531447279,1,0,0.75,-0.75,1,0,0,-0.75,-0.75,4,0,0,NaN,NaN,-0.75,-0.75,1,1
0.275917104060557,1,-0.15,0,-0.25,1,1,1,0,0,4,-0.125,0,0,0,0.125,0.125,1,1
0.275917104060557,1,0.2,0.5,0,1,1,0,0.5,0,4,0.25,1,1,NaN,0.25,-0.25,1,1
0.694591525434128,2,0,0.75,-0.38,1,1,0,0.75,-0.38,4,0.185,1,1,NaN,0.565,-0.565,0,1
0.851857531192798,2,0.3,0.74,0,1,0,1,0,0.74,4,0.37,1,NaN,1,-0.37,0.37,0,1
-1.03533453791125,1,0,0.75,-0.48,1,0,0,-0.48,-0.48,4,0.135,0,NaN,NaN,-0.615,-0.615,1,1
-1.42849955230792,1,0,0.15,-0.05,1,0,0,-0.05,-0.05,4,0.05,0,NaN,NaN,-0.1,-0.1,1,1
0.380059513916787,1,0,0.25,-0.22,1,1,0,0.25,-0.22,4,0.015,1,1,NaN,0.235,-0.235,1,1
-2.05756357534261,1,0,0.55,-0.42,1,0,0,-0.42,-0.42,4,0.065,0,NaN,NaN,-0.485,-0.485,1,1
0.694591525434128,1,0.15,0.47,0,1,0,1,0,0.47,4,0.235,1,NaN,1,-0.235,0.235,1,1
1.00912353695147,1,0.15,0.42,0,1,0,1,0,0.42,4,0.21,1,NaN,1,-0.21,0.21,1,1
1.16638954271014,2,0,0.4,-0.14,1,1,1,0.4,0.4,4,0.13,0,0,0,0.27,0.27,0,1
0.537325519675457,2,0.2,0.5,0,1,1,0,0.5,0,4,0.25,1,1,NaN,0.25,-0.25,0,1
0.537325519675457,2,-0.15,0,-0.25,1,1,1,0,0,4,-0.125,0,0,0,0.125,0.125,0,1
0.851857531192798,1,-0.15,0,-0.25,1,1,1,0,0,4,-0.125,0,0,0,0.125,0.125,1,1
-0.0917385033592245,2,0.1,0.32,0,1,0,1,0,0.32,4,0.16,1,NaN,1,-0.16,0.16,0,1
0.152855005951462,1,0,0.15,-0.05,1,1,0,0.15,-0.05,4,0.05,1,1,NaN,0.1,-0.1,1,1
1.68140506546609,1,0,0.75,-0.38,1,1,1,0.75,0.75,4,0.185,0,0,0,0.565,0.565,1,1
-1.61704506296021,1,0,0.75,-0.48,1,0,0,-0.48,-0.48,4,0.135,0,NaN,NaN,-0.615,-0.615,1,1
-0.32984501284263,2,0.2,0.63,0,1,1,1,0.63,0.63,4,0.315,0,0,0,0.315,0.315,0,1
-0.00804500031323498,1,-0.1,0,-0.18,1,0,1,-0.18,0,4,-0.09,1,NaN,1,-0.09,0.09,1,1
1.68140506546609,2,0.25,0.79,0,1,1,1,0.79,0.79,4,0.395,0,0,0,0.395,0.395,0,1
-0.973445037901419,2,0.2,0.84,0,1,0,0,0,0,4,0.42,0,NaN,NaN,-0.42,-0.42,0,1
1.68140506546609,1,0,0.55,-0.42,1,1,1,0.55,0.55,4,0.065,0,0,0,0.485,0.485,1,1
4.12137286419395,1,0.2,0.84,0,1,1,0,0.84,0,5,0.42,1,1,NaN,0.42,-0.42,1,1
0.100521289370586,1,-0.1,0,-0.32,1,1,0,0,-0.32,5,-0.16,1,1,NaN,0.16,-0.16,1,1
-1.9099044980411,1,-0.1,0,-0.2,1,1,1,0,0,5,-0.1,0,0,0,0.1,0.1,1,1
0.100521289370586,2,-0.2,0,-0.36,1,0,1,-0.36,0,5,-0.18,1,NaN,1,-0.18,0.18,0,1
0.100521289370586,1,0.15,0.33,0,1,1,0,0.33,0,5,0.165,1,1,NaN,0.165,-0.165,1,1
0.100521289370586,2,0.15,0.75,0,1,1,1,0.75,0.75,5,0.375,0,0,0,0.375,0.375,0,1
0.100521289370586,1,0.15,0.75,0,1,0,1,0,0.75,5,0.375,1,NaN,1,-0.375,0.375,1,1
0.100521289370586,1,-0.3,0,-0.55,1,0,0,-0.55,-0.55,5,-0.275,0,NaN,NaN,-0.275,-0.275,1,1
0.100521289370586,1,0,0.75,-1.5,1,0,1,-1.5,0.75,5,-0.375,1,NaN,1,-1.125,1.125,1,1
0.100521289370586,1,-0.15,0,-0.3,1,1,0,0,-0.3,5,-0.15,1,1,NaN,0.15,-0.15,1,1
0.100521289370586,2,-0.15,0,-0.25,1,0,1,-0.25,0,5,-0.125,1,NaN,1,-0.125,0.125,0,1
-1.9099044980411,2,0,0.75,-0.38,1,1,0,0.75,-0.38,5,0.185,1,1,NaN,0.565,-0.565,0,1
0.100521289370586,1,-0.2,0,-0.36,1,0,1,-0.36,0,5,-0.18,1,NaN,1,-0.18,0.18,1,1
0.100521289370586,2,0.25,0.62,0,1,1,1,0.62,0.62,5,0.31,0,0,0,0.31,0.31,0,1
1.58088320373822,2,0.3,0.67,0,1,1,0,0.67,0,5,0.335,1,1,NaN,0.335,-0.335,0,1
1.58088320373822,1,0.2,0.63,0,1,0,1,0,0.63,5,0.315,1,NaN,1,-0.315,0.315,1,1
1.58088320373822,1,-0.15,0,-0.3,1,0,0,-0.3,-0.3,5,-0.15,0,NaN,NaN,-0.15,-0.15,1,1
0.377165028303027,1,0.25,0.56,0,1,1,0,0.56,0,5,0.28,1,1,NaN,0.28,-0.28,1,1
0.617908663390065,1,-0.2,0,-0.56,1,0,0,-0.56,-0.56,5,-0.28,0,NaN,NaN,-0.28,-0.28,1,1
-0.10432224187105,1,-0.25,0,-1.05,1,1,0,0,-1.05,5,-0.525,1,1,NaN,0.525,-0.525,1,1
-1.0672967822192,1,0,0.55,-0.28,1,1,0,0.55,-0.28,5,0.135,1,1,NaN,0.415,-0.415,1,1
-0.224694059414569,2,-0.1,0,-0.18,1,1,1,0,0,5,-0.09,0,0,0,0.09,0.09,0,1
-0.10432224187105,2,-0.25,0,-0.46,1,1,1,0,0,5,-0.23,0,0,0,0.23,0.23,0,1
-0.10432224187105,2,-0.3,0,-0.55,1,0,1,-0.55,0,5,-0.275,1,NaN,1,-0.275,0.275,0,1
-0.585809512045127,2,0,0.15,-0.13,1,0,1,-0.13,0.15,5,0.01,1,NaN,1,-0.14,0.14,0,1
-1.0672967822192,1,-0.3,0,-0.95,1,1,1,0,0,5,-0.475,0,0,0,0.475,0.475,1,1
-0.585809512045127,1,0,0.25,-0.25,1,0,0,-0.25,-0.25,5,0,0,NaN,NaN,-0.25,-0.25,1,1
-1.42841223484976,2,0,0.4,-0.14,1,1,0,0.4,-0.14,5,0.13,1,1,NaN,0.27,-0.27,0,1
-0.182574185835056,1,-0.25,0,-0.5,1,1,0,0,-0.5,5,-0.25,1,1,NaN,0.25,-0.25,1,1
-0.182574185835056,2,0,0.4,-0.2,1,1,0,0.4,-0.2,5,0.1,1,1,NaN,0.3,-0.3,0,1
-0.182574185835056,1,-0.1,0,-0.5,1,1,1,0,0,5,-0.25,0,0,0,0.25,0.25,1,1
-0.182574185835056,1,0,0.15,-0.1,1,1,1,0.15,0.15,5,0.025,0,0,0,0.125,0.125,1,1
-0.182574185835056,2,0.25,0.7,0,1,0,1,0,0.7,5,0.35,1,NaN,1,-0.35,0.35,0,1
-0.182574185835056,1,-0.15,0,-0.25,1,0,0,-0.25,-0.25,5,-0.125,0,NaN,NaN,-0.125,-0.125,1,1
-0.182574185835056,1,0.25,0.7,0,1,0,0,0,0,5,0.35,0,NaN,NaN,-0.35,-0.35,1,1
-0.182574185835056,2,0.3,0.67,0,1,1,0,0.67,0,5,0.335,1,1,NaN,0.335,-0.335,0,1
-0.182574185835056,2,0,0.4,-0.26,1,1,1,0.4,0.4,5,0.07,0,0,0,0.33,0.33,0,1
-0.182574185835056,1,-0.1,0,-0.17,1,1,1,0,0,5,-0.085,0,0,0,0.085,0.085,1,1
-0.182574185835056,1,0.2,1,0,1,1,1,1,1,5,0.5,0,0,0,0.5,0.5,1,1
-0.182574185835056,1,-0.2,0,-0.63,1,0,0,-0.63,-0.63,5,-0.315,0,NaN,NaN,-0.315,-0.315,1,1
1.8357092337183,1,0,0.25,-0.05,1,1,1,0.25,0.25,6,0.1,0,0,0,0.15,0.15,1,1
-1.28573966572172,1,0,0.55,-0.42,1,0,1,-0.42,0.55,6,0.065,1,NaN,1,-0.485,0.485,1,1
0.497945419672575,2,-0.15,0,-0.25,1,1,0,0,-0.25,6,-0.125,1,1,NaN,0.125,-0.125,0,1
0.943866691021149,2,0,0.55,-0.11,1,1,1,0.55,0.55,6,0.22,0,0,0,0.33,0.33,0,1
0.0520241483240006,1,0,0.55,-0.11,1,0,0,-0.11,-0.11,6,0.22,0,NaN,NaN,-0.33,-0.33,1,1
-0.839818394373148,1,0,0.4,-0.08,1,0,0,-0.08,-0.08,6,0.16,0,NaN,NaN,-0.24,-0.24,1,1
-1.28573966572172,1,0.1,0.36,0,1,0,1,0,0.36,6,0.18,1,NaN,1,-0.18,0.18,1,1
-1.7316609370703,2,-0.3,0,-0.55,1,0,1,-0.55,0,6,-0.275,1,NaN,1,-0.275,0.275,0,1
-1.7316609370703,1,0.2,1,0,1,0,0,0,0,6,0.5,0,NaN,NaN,-0.5,-0.5,1,1
-1.12342582920777,1,0,0.75,-0.67,1,1,0,0.75,-0.67,6,0.04,1,1,NaN,0.71,-0.71,1,1
0.206946863275115,2,0.1,0.5,0,1,1,0,0.5,0,6,0.25,1,1,NaN,0.25,-0.25,0,1
0.650404427436077,1,0.3,1.08,0,1,0,1,0,1.08,6,0.54,1,NaN,1,-0.54,0.54,1,1
1.537319555758,2,0.25,0.79,0,1,1,1,0.79,0.79,6,0.395,0,0,0,0.395,0.395,0,1
1.537319555758,2,0.15,0.63,0,1,1,1,0.63,0.63,6,0.315,0,0,0,0.315,0.315,0,1
-1.3918168522466,2,0,0.75,-0.38,1,0,0,-0.38,-0.38,6,0.185,0,NaN,NaN,-0.565,-0.565,0,1
-0.321188504364599,2,0.15,0.63,0,1,0,1,0,0.63,6,0.315,1,NaN,1,-0.315,0.315,0,1
-0.856502678305599,1,0,0.15,-0.13,1,0,1,-0.13,0.15,6,0.01,1,NaN,1,-0.14,0.14,1,1
-1.3918168522466,2,0,0.15,-0.12,1,0,1,-0.12,0.15,6,0.015,1,NaN,1,-0.135,0.135,0,1
1.8200681913994,2,0.25,0.7,0,1,1,1,0.7,0.7,6,0.35,0,0,0,0.35,0.35,0,1
0.0504765551685462,1,0,0.25,-0.28,1,1,0,0.25,-0.28,7,-0.015,1,1,NaN,0.265,-0.265,1,1
0.656195217191109,1,0.25,0.79,0,1,1,0,0.79,0,7,0.395,1,1,NaN,0.395,-0.395,1,1
-1.16096076887658,2,0,0.4,-0.26,1,1,0,0.4,-0.26,7,0.07,1,1,NaN,0.33,-0.33,0,1
-0.858101437865298,2,0.25,0.7,0,1,0,1,0,0.7,7,0.35,1,NaN,1,-0.35,0.35,0,1
0.0504765551685462,1,-0.25,0,-0.56,1,0,1,-0.56,0,7,-0.28,1,NaN,1,-0.28,0.28,1,1
1.26191387921367,2,0,0.4,-0.36,1,0,1,-0.36,0.4,7,0.02,1,NaN,1,-0.38,0.38,0,1
0.0504765551685462,2,0,0.75,-0.26,1,1,0,0.75,-0.26,7,0.245,1,1,NaN,0.505,-0.505,0,1
-1.16096076887658,1,-0.15,0,-0.63,1,0,1,-0.63,0,7,-0.315,1,NaN,1,-0.315,0.315,1,1
0.656195217191109,1,-0.1,0,-0.42,1,0,1,-0.42,0,7,-0.21,1,NaN,1,-0.21,0.21,1,1
1.86763254123624,1,0,0.75,-0.67,1,1,0,0.75,-0.67,7,0.04,1,1,NaN,0.71,-0.71,1,1
1.26191387921367,2,0.3,1.5,0,1,0,1,0,1.5,7,0.75,1,NaN,1,-0.75,0.75,0,1
1.86763254123624,2,0.1,0.22,0,1,1,1,0.22,0.22,7,0.11,0,0,0,0.11,0.11,0,1
0.0504765551685462,2,-0.25,0,-0.42,1,0,1,-0.42,0,7,-0.21,1,NaN,1,-0.21,0.21,0,1
0.0911799693606772,2,0.2,0.56,0,1,1,0,0.56,0,7,0.28,1,1,NaN,0.28,-0.28,0,1
-0.406165318061198,2,0.3,0.67,0,1,1,1,0.67,0.67,7,0.335,0,0,0,0.335,0.335,0,1
-0.903510605483073,2,-0.25,0,-0.46,1,0,0,-0.46,-0.46,7,-0.23,0,NaN,NaN,-0.23,-0.23,0,1
0.588525256782553,1,-0.1,0,-0.18,1,0,0,-0.18,-0.18,7,-0.09,0,NaN,NaN,-0.09,-0.09,1,1
-2.89289175517057,1,0,0.15,-0.1,1,0,0,-0.1,-0.1,7,0.025,0,NaN,NaN,-0.125,-0.125,1,1
0.588525256782553,2,0,0.4,-0.08,1,0,1,-0.08,0.4,7,0.16,1,NaN,1,-0.24,0.24,0,1
0.0911799693606772,2,0,0.75,-0.15,1,0,1,-0.15,0.75,7,0.3,1,NaN,1,-0.45,0.45,0,1
0.212040657210067,1,-0.25,0,-1.25,1,1,1,0,0,7,-0.625,0,0,0,0.625,0.625,1,1
-0.318060985815103,2,0.3,0.95,0,1,0,1,0,0.95,7,0.475,1,NaN,1,-0.475,0.475,0,1
0.212040657210067,1,-0.1,0,-0.5,1,1,0,0,-0.5,7,-0.25,1,1,NaN,0.25,-0.25,1,1
-0.318060985815103,2,0.15,0.54,0,1,1,1,0.54,0.54,7,0.27,0,0,0,0.27,0.27,0,1
-0.318060985815103,1,0,0.55,-0.49,1,1,0,0.55,-0.49,7,0.03,1,1,NaN,0.52,-0.52,1,1
-0.318060985815103,2,0.3,0.67,0,1,0,1,0,0.67,7,0.335,1,NaN,1,-0.335,0.335,0,1
0.212040657210067,2,0,0.15,-0.13,1,0,0,-0.13,-0.13,7,0.01,0,NaN,NaN,-0.14,-0.14,0,1
1.27224394326041,1,-0.25,0,-0.9,1,0,1,-0.9,0,7,-0.45,1,NaN,1,-0.45,0.45,1,1
0.742142300235237,2,0,0.75,-0.26,1,0,0,-0.26,-0.26,7,0.245,0,NaN,NaN,-0.505,-0.505,0,1
0.742142300235237,2,0.1,0.25,0,1,1,1,0.25,0.25,7,0.125,0,0,0,0.125,0.125,0,1
-1.37826427186544,1,-0.25,0,-0.56,1,1,1,0,0,7,-0.28,0,0,0,0.28,0.28,1,1
-1.37826427186544,2,0,0.15,-0.1,1,1,0,0.15,-0.1,7,0.025,1,1,NaN,0.125,-0.125,0,1
-0.848162628840272,2,0.25,0.7,0,1,0,1,0,0.7,7,0.35,1,NaN,1,-0.35,0.35,0,1
-0.0861431607945147,1,-0.1,0,-0.36,1,0,0,-0.36,-0.36,8,-0.18,0,NaN,NaN,-0.18,-0.18,1,1
-0.0861431607945147,1,-0.2,0,-0.84,1,0,1,-0.84,0,8,-0.42,1,NaN,1,-0.42,0.42,1,1
0.0704807679227845,2,0.2,0.63,0,1,0,1,0,0.63,8,0.315,1,NaN,1,-0.315,0.315,0,1
-1.02588673309831,1,0.3,1.5,0,1,1,0,1.5,0,8,0.75,1,1,NaN,0.75,-0.75,1,1
-2.04394226976075,1,0,0.55,-0.49,1,1,0,0.55,-0.49,8,0.03,1,1,NaN,0.52,-0.52,1,1
-1.02588673309831,1,0,0.55,-0.42,1,1,0,0.55,-0.42,8,0.065,1,1,NaN,0.485,-0.485,1,1
0.853600411509281,2,0,0.25,-0.05,1,0,0,-0.05,-0.05,8,0.1,0,NaN,NaN,-0.15,-0.15,0,1
1.87165594817173,1,0.3,1.26,0,1,1,1,1.26,1.26,8,0.63,0,0,0,0.63,0.63,1,1
1.87165594817173,2,0.3,1.26,0,1,1,1,1.26,1.26,8,0.63,0,0,0,0.63,0.63,0,1
-0.0861431607945147,1,-0.25,0,-0.56,1,1,1,0,0,8,-0.28,0,0,0,0.28,0.28,1,1
-0.0861431607945147,2,0.1,0.42,0,1,1,0,0.42,0,8,0.21,1,1,NaN,0.21,-0.21,0,1
1.01022434022658,1,0.25,0.9,0,1,0,1,0,0.9,8,0.45,1,NaN,1,-0.45,0.45,1,1
-0.0861431607945147,2,0.25,0.79,0,1,1,0,0.79,0,8,0.395,1,1,NaN,0.395,-0.395,0,1
0.637106136532419,2,0.1,0.36,0,1,0,0,0,0,8,0.18,0,NaN,NaN,-0.18,-0.18,0,1
1.35959763156918,2,0,0.4,-0.2,1,1,1,0.4,0.4,8,0.1,0,0,0,0.3,0.3,0,1
-1.85877357359458,1,0,0.55,-0.42,1,0,0,-0.42,-0.42,8,0.065,0,NaN,NaN,-0.485,-0.485,1,1
1.35959763156918,1,0.25,1.25,0,1,1,1,1.25,1.25,8,0.625,0,0,0,0.625,0.625,1,1
-0.282428493514371,2,0.2,0.84,0,1,0,1,0,0.84,8,0.42,1,NaN,1,-0.42,0.42,0,1
-1.07060103355448,2,-0.25,0,-0.46,1,0,1,-0.46,0,8,-0.23,1,NaN,1,-0.23,0.23,0,1
-0.282428493514371,1,0.1,0.42,0,1,0,1,0,0.42,8,0.21,1,NaN,1,-0.21,0.21,1,1
-0.282428493514371,1,0,0.55,-0.35,1,0,1,-0.35,0.55,8,0.1,1,NaN,1,-0.45,0.45,1,1
-0.282428493514371,2,0,0.55,-0.49,1,0,0,-0.49,-0.49,8,0.03,0,NaN,NaN,-0.52,-0.52,0,1
1.03119240655247,1,0,0.55,-0.49,1,1,1,0.55,0.55,8,0.03,0,0,0,0.52,0.52,1,1
0.637106136532419,1,0.25,1.05,0,1,1,0,1.05,0,8,0.525,1,1,NaN,0.525,-0.525,1,1
-0.0972309498491318,2,0,0.15,-0.12,1,1,1,0.15,0.15,8,0.015,0,0,0,0.135,0.135,0,1
2.60362876818231,1,0.3,0.95,0,1,1,1,0.95,0.95,8,0.475,0,0,0,0.475,0.475,1,1
-0.0972309498491318,1,0,0.55,-0.11,1,0,0,-0.11,-0.11,8,0.22,0,NaN,NaN,-0.33,-0.33,1,1
1.84738804713351,1,0.25,0.56,0,1,1,1,0.56,0.56,8,0.28,0,0,0,0.28,0.28,1,1
0.983112937363446,2,0.2,0.56,0,1,1,1,0.56,0.56,8,0.28,0,0,0,0.28,0.28,0,1
-0.0972309498491318,1,0.1,0.32,0,1,0,1,0,0.32,8,0.16,1,NaN,1,-0.16,0.16,1,1
0.794067079166529,1,0,0.25,-0.19,1,0,1,-0.19,0.25,9,0.03,1,NaN,1,-0.22,0.22,1,1
0.0674697518246071,2,0.1,0.22,0,1,0,0,0,0,9,0.11,0,NaN,NaN,-0.11,-0.11,0,1
-1.54142433014679,2,-0.15,0,-0.25,1,0,0,-0.25,-0.25,9,-0.125,0,NaN,NaN,-0.125,-0.125,0,1
-1.54142433014679,1,-0.25,0,-0.56,1,0,0,-0.56,-0.56,9,-0.28,0,NaN,NaN,-0.28,-0.28,1,1
0.586467842783123,1,0.25,0.5,0,1,0,1,0,0.5,9,0.25,1,NaN,1,-0.25,0.25,1,1
-1.54142433014679,1,0,0.4,-0.2,1,0,0,-0.2,-0.2,9,0.1,0,NaN,NaN,-0.3,-0.3,1,1
1.05356612464579,1,0,0.75,-0.83,1,1,1,0.75,0.75,9,-0.04,0,0,0,0.79,0.79,1,1
1.05356612464579,2,0.3,1.26,0,1,1,1,1.26,1.26,9,0.63,0,0,0,0.63,0.63,0,1
-0.762927193709018,1,0.3,1.08,0,1,0,0,0,0,9,0.54,0,NaN,NaN,-0.54,-0.54,1,1
0.222500349342575,2,0,0.75,-0.48,1,1,1,0.75,0.75,9,0.135,0,0,0,0.615,0.615,0,1
-1.40418287694348,1,0,0.25,-0.5,1,0,1,-0.5,0.25,9,-0.125,1,NaN,1,-0.375,0.375,1,1
-0.787165101455665,1,0.1,0.25,0,1,0,0,0,0,9,0.125,0,NaN,NaN,-0.125,-0.125,1,1
0.671240549697349,2,0.25,0.7,0,1,1,0,0.7,0,9,0.35,1,1,NaN,0.35,-0.35,0,1
1.40044337527386,1,0.15,0.75,0,1,1,1,0.75,0.75,9,0.375,0,0,0,0.375,0.375,1,1
1.00779569996343,2,0,0.15,-0.05,1,1,0,0.15,-0.05,9,0.05,1,1,NaN,0.1,-0.1,0,1
-0.562795001278279,2,0,0.4,-0.26,1,0,0,-0.26,-0.26,9,0.07,0,NaN,NaN,-0.33,-0.33,0,1
1.40044337527386,1,0.15,0.33,0,1,1,1,0.33,0.33,9,0.165,0,0,0,0.165,0.165,1,1
-1.40418287694348,2,0,0.75,-0.38,1,0,1,-0.38,0.75,9,0.185,1,NaN,1,-0.565,0.565,0,1
-1.40418287694348,1,0.25,0.56,0,1,0,1,0,0.56,9,0.28,1,NaN,1,-0.28,0.28,1,1
-0.00186975083481165,1,-0.25,0,-0.42,1,1,1,0,0,9,-0.21,0,0,0,0.21,0.21,1,1
-1.40418287694348,2,0.2,1,0,1,0,1,0,1,9,0.5,1,NaN,1,-0.5,0.5,0,1
0.673165484381483,1,-0.15,0,-0.3,1,1,1,0,0,9,-0.15,0,0,0,0.15,0.15,1,1
1.66827967868455,2,0.15,0.54,0,1,1,0,0.54,0,9,0.27,1,1,NaN,0.27,-0.27,0,1
-1.25852677514799,1,0.15,0.42,0,1,0,1,0,0.42,9,0.21,1,NaN,1,-0.21,0.21,1,1
-1.25852677514799,2,-0.25,0,-0.42,1,0,1,-0.42,0,9,-0.21,1,NaN,1,-0.21,0.21,0,1
-1.25852677514799,2,0,0.55,-0.19,1,0,1,-0.19,0.55,9,0.18,1,NaN,1,-0.37,0.37,0,1
1.66827967868455,1,0.25,0.62,0,1,1,0,0.62,0,9,0.31,1,1,NaN,0.31,-0.31,1,1
-1.25852677514799,1,0.15,0.27,0,1,0,0,0,0,9,0.135,0,NaN,NaN,-0.135,-0.135,1,1
-0.263412580844928,2,0,0.4,-0.08,1,0,0,-0.08,-0.08,9,0.16,0,NaN,NaN,-0.24,-0.24,0,1
0.790237742534785,2,-0.1,0,-0.18,1,1,0,0,-0.18,9,-0.09,1,1,NaN,0.09,-0.09,0,1
-1.25852677514799,2,0,0.25,-0.19,1,0,1,-0.19,0.25,9,0.03,1,NaN,1,-0.22,0.22,0,1
-0.68214929905,1,0,0.15,-0.17,1,0,0,-0.17,-0.17,10,-0.01,0,NaN,NaN,-0.16,-0.16,1,1
-0.951418759201315,1,0.1,0.5,0,1,0,1,0,0.5,10,0.25,1,NaN,1,-0.25,0.25,1,1
0.125659081403947,2,0,0.4,-0.26,1,1,1,0.4,0.4,10,0.07,0,0,0,0.33,0.33,0,1
-0.00897564867171096,2,0,0.75,-0.48,1,1,0,0.75,-0.48,10,0.135,1,1,NaN,0.615,-0.615,0,1
0.933467461857893,1,0.1,0.2,0,1,1,1,0.2,0.2,10,0.1,0,0,0,0.1,0.1,1,1
1.74127584231184,1,0.15,0.75,0,1,1,0,0.75,0,10,0.375,1,1,NaN,0.375,-0.375,1,1
-0.143610378747369,2,0,0.75,-0.58,1,0,1,-0.58,0.75,10,0.085,1,NaN,1,-0.665,0.665,0,1
-3.01844555706012,2,0.2,1,0,1,0,1,0,1,10,0.5,1,NaN,1,-0.5,0.5,0,1
0.13306372525323,1,0,0.55,-0.49,1,1,0,0.55,-0.49,10,0.03,1,1,NaN,0.52,-0.52,1,1
-0.287137512388549,1,-0.3,0,-0.67,1,1,1,0,0,10,-0.335,0,0,0,0.335,0.335,1,1
0.553264962895009,1,0,0.4,-0.26,1,1,1,0.4,0.4,10,0.07,0,0,0,0.33,0.33,1,1
0.973466200536789,1,0.1,0.42,0,1,1,1,0.42,0.42,10,0.21,0,0,0,0.21,0.21,1,1
1.18356681935768,2,0.15,0.33,0,1,1,1,0.33,0.33,10,0.165,0,0,0,0.165,0.165,0,1
0.553264962895009,2,0,0.75,-0.26,1,1,0,0.75,-0.26,10,0.245,1,1,NaN,0.505,-0.505,0,1
0.553264962895009,1,0,0.15,-0.15,1,1,1,0.15,0.15,10,0,0,0,0,0.15,0.15,1,1
0.131616604709031,2,0.25,1.25,0,1,0,0,0,0,10,0.625,0,NaN,NaN,-0.625,-0.625,0,1
0.695687767747739,2,0.25,0.79,0,1,1,1,0.79,0.79,10,0.395,0,0,0,0.395,0.395,0,1
0.131616604709031,2,0,0.15,-0.05,1,0,0,-0.05,-0.05,10,0.05,0,NaN,NaN,-0.1,-0.1,0,1
-1.56059688440709,2,-0.25,0,-0.46,1,0,1,-0.46,0,10,-0.23,1,NaN,1,-0.23,0.23,0,1
-3.25281037352321,1,0,0.75,-1.5,1,0,1,-1.5,0.75,10,-0.375,1,NaN,1,-1.125,1.125,1,1
0.695687767747739,2,0.3,0.95,0,1,1,0,0.95,0,10,0.475,1,1,NaN,0.475,-0.475,0,1
-1.18454944238128,2,0.15,0.47,0,1,0,1,0,0.47,10,0.235,1,NaN,1,-0.235,0.235,0,1
1.25975893078645,1,0.3,1.08,0,1,1,1,1.08,1.08,10,0.54,0,0,0,0.54,0.54,1,1
1.44778265179935,1,0,0.55,-0.49,1,1,1,0.55,0.55,10,0.03,0,0,0,0.52,0.52,1,1
1.86960737239337,1,0,0.15,-0.13,1,1,1,0.15,0.15,11,0.01,0,0,0,0.14,0.14,1,1
0.248009141235855,1,-0.1,0,-0.2,1,0,0,-0.2,-0.2,11,-0.1,0,NaN,NaN,-0.1,-0.1,1,1
0.438785403724974,2,0,0.25,-0.13,1,1,1,0.25,0.25,11,0.06,0,0,0,0.19,0.19,0,1
0.629561666214093,1,0,0.4,-0.26,1,1,1,0.4,0.4,11,0.07,0,0,0,0.33,0.33,1,1
-0.515095908720621,1,0.2,0.44,0,1,0,1,0,0.44,11,0.22,1,NaN,1,-0.22,0.22,1,1
-1.08742469618798,2,0,0.4,-0.36,1,0,1,-0.36,0.4,11,0.02,1,NaN,1,-0.38,0.38,0,1
1.20189045368145,1,0.15,0.63,0,1,1,0,0.63,0,11,0.315,1,1,NaN,0.315,-0.315,1,1
0.820337928703212,1,0.15,0.42,0,1,0,1,0,0.42,11,0.21,1,NaN,1,-0.21,0.21,1,1
0.820337928703212,2,0,0.55,-0.19,1,1,0,0.55,-0.19,11,0.18,1,1,NaN,0.37,-0.37,0,1
0.0572328787467359,2,0,0.4,-0.36,1,0,1,-0.36,0.4,11,0.02,1,NaN,1,-0.38,0.38,0,1
1.20189045368145,1,0.1,0.42,0,1,1,1,0.42,0.42,11,0.21,0,0,0,0.21,0.21,1,1
1.20189045368145,1,0.2,0.56,0,1,0,1,0,0.56,11,0.28,1,NaN,1,-0.28,0.28,1,1
0.449120011352056,2,0,0.15,-0.13,1,1,1,0.15,0.15,11,0.01,0,0,0,0.14,0.14,0,1
-1.13600944047873,1,0.1,0.32,0,1,0,1,0,0.32,11,0.16,1,NaN,1,-0.16,0.16,1,1
0.290607066168977,2,-0.3,0,-0.5,1,1,0,0,-0.5,11,-0.25,1,1,NaN,0.25,-0.25,0,1
1.08317179208437,1,0,0.15,-0.08,1,1,0,0.15,-0.08,11,0.035,1,1,NaN,0.115,-0.115,1,1
-0.501957659746416,2,0.15,0.63,0,1,0,1,0,0.63,11,0.315,1,NaN,1,-0.315,0.315,0,1
-0.501957659746416,1,0.15,0.42,0,1,0,0,0,0,11,0.21,0,NaN,NaN,-0.21,-0.21,1,1
1.47945415504207,1,0,0.55,-0.42,1,1,1,0.55,0.55,11,0.065,0,0,0,0.485,0.485,1,1
0.449120011352056,1,0,0.25,-0.13,1,0,1,-0.13,0.25,11,0.06,1,NaN,1,-0.19,0.19,1,1
0.608864682952135,2,0.2,0.63,0,1,1,0,0.63,0,11,0.315,1,1,NaN,0.315,-0.315,0,1
0.447219191902896,2,0,0.25,-0.13,1,1,0,0.25,-0.13,11,0.06,1,1,NaN,0.19,-0.19,0,1
0.123928209804417,1,0.3,0.95,0,1,1,0,0.95,0,11,0.475,1,1,NaN,0.475,-0.475,1,1
0.285573700853656,1,0.1,0.5,0,1,0,0,0,0,11,0.25,0,NaN,NaN,-0.25,-0.25,1,1
1.41709213819833,2,0.1,0.22,0,1,1,0,0.22,0,11,0.11,1,1,NaN,0.11,-0.11,0,1
-0.68429924544178,1,0,0.15,-0.12,1,0,1,-0.12,0.15,11,0.015,1,NaN,1,-0.135,0.135,1,1
2.30614233896915,1,0.1,0.42,0,1,1,1,0.42,0.42,11,0.21,0,0,0,0.21,0.21,1,1
0.285573700853656,1,0.2,0.84,0,1,0,0,0,0,11,0.42,0,NaN,NaN,-0.42,-0.42,1,1
-0.669638835719609,1,-0.1,0,-0.28,1,1,1,0,0,12,-0.14,0,0,0,0.14,0.14,1,1
1.08999606106185,1,0,0.55,-0.11,1,1,1,0.55,0.55,12,0.22,0,0,0,0.33,0.33,1,1
-1.35394129557906,2,0,0.25,-0.19,1,0,1,-0.19,0.25,12,0.03,1,NaN,1,-0.22,0.22,0,1
-1.35394129557906,1,-0.25,0,-0.9,1,0,0,-0.9,-0.9,12,-0.45,0,NaN,NaN,-0.45,-0.45,1,1
0.894481072530573,2,0.1,0.28,0,1,1,1,0.28,0.28,12,0.14,0,0,0,0.14,0.14,0,1
-0.131972617258609,2,0.3,0.74,0,1,1,0,0.74,0,12,0.37,1,1,NaN,0.37,-0.37,0,1
-1.01179006564934,1,0.1,0.42,0,1,0,0,0,0,12,0.21,0,NaN,NaN,-0.21,-0.21,1,1
1.08999606106185,2,0,0.75,-0.15,1,1,1,0.75,0.75,12,0.3,0,0,0,0.45,0.45,0,1
1.08999606106185,2,0,0.75,-0.58,1,1,1,0.75,0.75,12,0.085,0,0,0,0.665,0.665,0,1
-0.9140325713837,1,0.1,0.42,0,1,0,0,0,0,12,0.21,0,NaN,NaN,-0.21,-0.21,1,1
-1.35394129557906,1,0.3,0.95,0,1,0,1,0,0.95,12,0.475,1,NaN,1,-0.475,0.475,1,1
-1.35394129557906,1,0,0.4,-0.44,1,0,0,-0.44,-0.44,12,-0.02,0,NaN,NaN,-0.42,-0.42,1,1
1.08999606106185,1,0,0.25,-0.22,1,1,1,0.25,0.25,12,0.015,0,0,0,0.235,0.235,1,1
-0.816275077118064,1,0.25,0.9,0,1,0,0,0,0,12,0.45,0,NaN,NaN,-0.45,-0.45,1,1
-1.49395493936722,2,0,0.4,-0.36,1,0,1,-0.36,0.4,12,0.02,1,NaN,1,-0.38,0.38,0,1
-1.06002611880413,2,0.25,0.9,0,1,0,0,0,0,12,0.45,0,NaN,NaN,-0.45,-0.45,0,1
-0.9360464557861,2,-0.25,0,-0.42,1,0,1,-0.42,0,12,-0.21,1,NaN,1,-0.21,0.21,0,1
-1.49395493936722,1,-0.25,0,-0.42,1,0,1,-0.42,0,12,-0.21,1,NaN,1,-0.21,0.21,1,1
0.985638320993311,2,0,0.15,-0.1,1,1,0,0.15,-0.1,12,0.025,1,1,NaN,0.125,-0.125,0,1
1.60553663608344,1,0.2,0.84,0,1,1,1,0.84,0.84,12,0.42,0,0,0,0.42,0.42,1,1
-1.18400578182215,1,0.3,1.5,0,1,0,1,0,1.5,12,0.75,1,NaN,1,-0.75,0.75,1,1
-1.08780146605034,2,0.2,0.56,0,1,0,0,0,0,12,0.28,0,NaN,NaN,-0.28,-0.28,0,1
1.49634228814164,2,0,0.15,-0.05,1,1,1,0.15,0.15,12,0.05,0,0,0,0.1,0.1,0,1
-0.349474679138343,2,0,0.25,-0.22,1,0,1,-0.22,0.25,12,0.015,1,NaN,1,-0.235,0.235,0,1
-1.08780146605034,1,0.25,0.7,0,1,0,1,0,0.7,12,0.35,1,NaN,1,-0.35,0.35,1,1
-1.53079753819753,2,0,0.55,-0.28,1,0,1,-0.28,0.55,12,0.135,1,NaN,1,-0.415,0.415,0,1
0.241186750391251,2,0.25,1.05,0,1,0,0,0,0,12,0.525,0,NaN,NaN,-0.525,-0.525,0,1
1.27484425206804,1,0,0.15,-0.03,1,1,1,0.15,0.15,12,0.06,0,0,0,0.09,0.09,1,1
-1.23546682343273,2,0.2,1,0,1,0,1,0,1,12,0.5,1,NaN,1,-0.5,0.5,0,1
0.979513537303243,1,0.3,1.5,0,1,1,0,1.5,0,12,0.75,1,1,NaN,0.75,-0.75,1,1
0.0935213930088523,1,0,0.25,-0.5,1,1,0,0.25,-0.5,12,-0.125,1,1,NaN,0.375,-0.375,1,1
1.02080012592184,1,0,0.75,-0.38,1,1,1,0.75,0.75,13,0.185,0,0,0,0.565,0.565,1,1
0.899276301407333,1,-0.25,0,-0.5,1,1,1,0,0,13,-0.25,0,0,0,0.25,0.25,1,1
1.26384777495085,2,0.3,1.5,0,1,1,1,1.5,1.5,13,0.75,0,0,0,0.75,0.75,0,1
-0.802057241795729,2,0,0.25,-0.09,1,0,0,-0.09,-0.09,13,0.08,0,NaN,NaN,-0.17,-0.17,0,1
1.26384777495085,1,0.2,0.84,0,1,1,1,0.84,0.84,13,0.42,0,0,0,0.42,0.42,1,1
-1.04510489082474,2,-0.3,0,-0.5,1,1,1,0,0,13,-0.25,0,0,0,0.25,0.25,0,1
-1.65272401339726,2,0.25,1.25,0,1,0,0,0,0,13,0.625,0,NaN,NaN,-0.625,-0.625,0,1
1.02080012592184,2,0.2,0.44,0,1,1,0,0.44,0,13,0.22,1,1,NaN,0.22,-0.22,0,1
-1.71348592565451,1,0.3,1.26,0,1,0,1,0,1.26,13,0.63,1,NaN,1,-0.63,0.63,1,1
-0.51261064494414,1,-0.2,0,-0.34,1,0,1,-0.34,0,13,-0.17,1,NaN,1,-0.17,0.17,1,1
-1.4279867966301,2,0,0.15,-0.13,1,0,1,-0.13,0.15,13,0.01,1,NaN,1,-0.14,0.14,0,1
-1.4279867966301,2,0.3,0.95,0,1,0,1,0,0.95,13,0.475,1,NaN,1,-0.475,0.475,0,1
0.585840737079017,2,0,0.15,-0.1,1,1,0,0.15,-0.1,13,0.025,1,1,NaN,0.125,-0.125,0,1
-1.4279867966301,1,-0.3,0,-0.74,1,0,1,-0.74,0,13,-0.37,1,NaN,1,-0.37,0.37,1,1
-1.36696171985104,1,-0.1,0,-0.18,1,0,0,-0.18,-0.18,13,-0.09,0,NaN,NaN,-0.09,-0.09,1,1
0.707890890637146,2,-0.25,0,-0.46,1,1,1,0,0,13,-0.23,0,0,0,0.23,0.23,0,1
-1.4279867966301,2,0,0.15,-0.13,1,0,1,-0.13,0.15,13,0.01,1,NaN,1,-0.14,0.14,0,1
-1.4279867966301,1,-0.15,0,-0.33,1,0,0,-0.33,-0.33,13,-0.165,0,NaN,NaN,-0.165,-0.165,1,1
0.829941044195274,1,0,0.25,-0.09,1,1,0,0.25,-0.09,13,0.08,1,1,NaN,0.17,-0.17,1,1
1.62326704232311,2,0,0.55,-0.35,1,1,1,0.55,0.55,13,0.1,0,0,0,0.45,0.45,0,1
-1.22637385078663,2,0.25,0.62,0,1,0,1,0,0.62,13,0.31,1,NaN,1,-0.31,0.31,0,1
-1.38868803692015,2,-0.2,0,-0.36,1,0,0,-0.36,-0.36,13,-0.18,0,NaN,NaN,-0.18,-0.18,0,1
1.31654839863859,2,0,0.55,-0.28,1,1,0,0.55,-0.28,13,0.135,1,1,NaN,0.415,-0.415,0,1
-1.38868803692015,2,0.3,0.95,0,1,0,1,0,0.95,13,0.475,1,NaN,1,-0.475,0.475,0,1
1.31654839863859,1,0.2,0.72,0,1,1,0,0.72,0,13,0.36,1,1,NaN,0.36,-0.36,1,1
1.31654839863859,2,0,0.75,-0.58,1,1,0,0.75,-0.58,13,0.085,1,1,NaN,0.665,-0.665,0,1
-1.38868803692015,2,0.3,0.84,0,1,0,0,0,0,13,0.42,0,NaN,NaN,-0.42,-0.42,0,1
1.31654839863859,1,0,0.4,-0.26,1,1,1,0.4,0.4,13,0.07,0,0,0,0.33,0.33,1,1
-1.80380661923163,1,-0.2,0,-0.34,1,0,1,-0.34,0,14,-0.17,1,NaN,1,-0.17,0.17,1,1
-1.45127112361632,1,0,0.25,-0.13,1,0,0,-0.13,-0.13,14,0.06,0,NaN,NaN,-0.19,-0.19,1,1
-0.569932384578071,2,0,0.75,-0.58,1,0,1,-0.58,0.75,14,0.085,1,NaN,1,-0.665,0.665,0,1
-0.39366463677042,2,0.2,0.63,0,1,0,0,0,0,14,0.315,0,NaN,NaN,-0.315,-0.315,0,1
0.663941850075484,1,0.25,0.46,0,1,1,0,0.46,0,14,0.23,1,1,NaN,0.23,-0.23,1,1
-0.39366463677042,1,0.1,0.22,0,1,0,0,0,0,14,0.11,0,NaN,NaN,-0.11,-0.11,1,1
-0.39366463677042,2,0,0.75,-0.15,1,0,0,-0.15,-0.15,14,0.3,0,NaN,NaN,-0.45,-0.45,0,1
0.663941850075484,1,0.25,0.42,0,1,1,0,0.42,0,14,0.21,1,1,NaN,0.21,-0.21,1,1
-0.746200132385721,1,0.2,0.63,0,1,0,1,0,0.63,14,0.315,1,NaN,1,-0.315,0.315,1,1
0.663941850075484,1,0,0.75,-0.48,1,1,1,0.75,0.75,14,0.135,0,0,0,0.615,0.615,1,1
1.19274509349844,1,0,0.75,-0.75,1,1,0,0.75,-0.75,14,0,1,1,NaN,0.75,-0.75,1,1
-0.39366463677042,1,0,0.4,-0.31,1,0,1,-0.31,0.4,14,0.045,1,NaN,1,-0.355,0.355,1,1
-0.357105628585474,2,0,0.4,-0.14,1,0,0,-0.14,-0.14,14,0.13,0,NaN,NaN,-0.27,-0.27,0,1
1.23003049846108,1,0,0.75,-0.75,1,1,1,0.75,0.75,14,0,0,0,0,0.75,0.75,1,1
0.83324646669944,2,0,0.25,-0.22,1,1,1,0.25,0.25,14,0.015,0,0,0,0.235,0.235,0,1
0.634854450818621,1,0.1,0.22,0,1,0,0,0,0,14,0.11,0,NaN,NaN,-0.11,-0.11,1,1
0.83324646669944,2,-0.1,0,-0.18,1,1,0,0,-0.18,14,-0.09,1,1,NaN,0.09,-0.09,0,1
-0.753889660347112,2,0,0.55,-0.19,1,0,1,-0.19,0.55,14,0.18,1,NaN,1,-0.37,0.37,0,1
-0.753889660347112,1,0,0.15,-0.1,1,0,1,-0.1,0.15,14,0.025,1,NaN,1,-0.125,0.125,1,1
0.83324646669944,1,0,0.15,-0.15,1,1,0,0.15,-0.15,14,0,1,1,NaN,0.15,-0.15,1,1
0.83324646669944,2,0.2,0.56,0,1,1,1,0.56,0.56,14,0.28,0,0,0,0.28,0.28,0,1
-1.61776393403491,2,0,0.25,-0.22,1,0,0,-0.22,-0.22,14,0.015,0,NaN,NaN,-0.235,-0.235,0,1
0.707166270566159,2,0,0.55,-0.28,1,1,0,0.55,-0.28,14,0.135,1,1,NaN,0.415,-0.415,0,1
0.707166270566159,2,0.3,1.26,0,1,1,1,1.26,1.26,14,0.63,0,0,0,0.63,0.63,0,1
2.45086392401696,1,0.2,1,0,1,1,1,1,1,14,0.5,0,0,0,0.5,0.5,1,1
0.125933719415891,2,0,0.4,-0.14,1,0,0,-0.14,-0.14,14,0.13,0,NaN,NaN,-0.27,-0.27,0,1
1.28839882171643,2,0,0.4,-0.14,1,1,1,0.4,0.4,14,0.13,0,0,0,0.27,0.27,0,1
0.707166270566159,2,0.2,0.5,0,1,1,0,0.5,0,14,0.25,1,1,NaN,0.25,-0.25,0,1
0.707166270566159,2,0.25,1.25,0,1,1,0,1.25,0,14,0.625,1,1,NaN,0.625,-0.625,0,1
0.125933719415891,1,0,0.25,-0.34,1,1,0,0.25,-0.34,14,-0.045,1,1,NaN,0.295,-0.295,1,1
1.11088133232335,2,0.25,0.7,0,1,1,0,0.7,0,15,0.35,1,1,NaN,0.35,-0.35,0,1
1.11088133232335,1,0.15,0.25,0,1,1,0,0.25,0,15,0.125,1,1,NaN,0.125,-0.125,1,1
-0.258698392458864,2,0,0.15,-0.12,1,0,1,-0.12,0.15,15,0.015,1,NaN,1,-0.135,0.135,0,1
1.11088133232335,2,0.15,0.54,0,1,0,1,0,0.54,15,0.27,1,NaN,1,-0.27,0.27,0,1
-1.17175154231368,1,-0.15,0,-0.47,1,1,0,0,-0.47,15,-0.235,1,1,NaN,0.235,-0.235,1,1
1.11088133232335,1,0,0.55,-0.28,1,1,1,0.55,0.55,15,0.135,0,0,0,0.415,0.415,1,1
1.11088133232335,1,0,0.15,-0.17,1,0,1,-0.17,0.15,15,-0.01,1,NaN,1,-0.16,0.16,1,1
-0.867400492362072,1,0.2,0.5,0,1,1,0,0.5,0,15,0.25,1,1,NaN,0.25,-0.25,1,1
0.350003707444344,2,-0.3,0,-0.5,1,1,1,0,0,15,-0.25,0,0,0,0.25,0.25,0,1
-1.17175154231368,2,0.1,0.22,0,1,0,0,0,0,15,0.11,0,NaN,NaN,-0.11,-0.11,0,1
-1.47610259226528,2,-0.25,0,-0.42,1,0,0,-0.42,-0.42,15,-0.21,0,NaN,NaN,-0.21,-0.21,0,1
-1.17175154231368,2,0.25,0.56,0,1,0,0,0,0,15,0.28,0,NaN,NaN,-0.28,-0.28,0,1
1.11088133232335,1,-0.1,0,-0.18,1,0,1,-0.18,0,15,-0.09,1,NaN,1,-0.09,0.09,1,1
1.11088133232335,1,0,0.75,-0.26,1,1,1,0.75,0.75,15,0.245,0,0,0,0.505,0.505,1,1
1.11088133232335,1,0.2,0.84,0,1,0,0,0,0,15,0.42,0,NaN,NaN,-0.42,-0.42,1,1
-1.6115759077956,1,-0.2,0,-0.36,1,1,0,0,-0.36,15,-0.18,1,1,NaN,0.18,-0.18,1,1
-0.379798143875397,1,-0.2,0,-0.34,1,1,1,0,0,15,-0.17,0,0,0,0.17,0.17,1,1
-1.4062796138089,2,0.1,0.22,0,1,1,0,0.22,0,15,0.11,1,1,NaN,0.11,-0.11,0,1
0.646683326058108,1,0,0.55,-0.19,1,0,1,-0.19,0.55,15,0.18,1,NaN,1,-0.37,0.37,1,1
2.59699811893177,1,-0.1,0,-0.28,1,1,1,0,0,15,-0.14,0,0,0,0.14,0.14,1,1
-0.379798143875397,1,0.25,0.7,0,1,1,0,0.7,0,15,0.35,1,1,NaN,0.35,-0.35,1,1
-0.379798143875397,1,0.1,0.18,0,1,0,0,0,0,15,0.09,0,NaN,NaN,-0.09,-0.09,1,1
-0.552018466369898,1,-0.2,0,-0.34,1,0,1,-0.34,0,15,-0.17,1,NaN,1,-0.17,0.17,1,1
-0.823502958027225,1,0,0.75,-0.48,1,0,0,-0.48,-0.48,15,0.135,0,NaN,NaN,-0.615,-0.615,1,1
-1.09498744968455,1,0,0.4,-0.54,1,1,0,0.4,-0.54,15,-0.07,1,1,NaN,0.47,-0.47,1,1
-0.823502958027225,1,0,0.15,-0.08,1,0,1,-0.08,0.15,15,0.035,1,NaN,1,-0.115,0.115,1,1
-0.280533974712571,1,0,0.25,-0.09,1,0,0,-0.09,-0.09,15,0.08,0,NaN,NaN,-0.17,-0.17,1,1
-0.552018466369898,2,0.1,0.36,0,1,1,0,0.36,0,15,0.18,1,1,NaN,0.18,-0.18,0,1
-0.552018466369898,1,0.2,0.4,0,1,1,1,0.4,0.4,15,0.2,0,0,0,0.2,0.2,1,1
1.75559971271738,1,0,0.75,-0.38,1,1,1,0.75,0.75,15,0.185,0,0,0,0.565,0.565,1,1
1.75559971271738,2,0,0.15,-0.05,1,1,0,0.15,-0.05,15,0.05,1,1,NaN,0.1,-0.1,0,1
-0.823502958027225,1,0.15,0.37,0,1,0,0,0,0,15,0.185,0,NaN,NaN,-0.185,-0.185,1,1
0.262435008602082,1,0.25,0.9,0,1,0,1,0,0.9,15,0.45,1,NaN,1,-0.45,0.45,1,1
0.262435008602082,2,0.2,0.84,0,1,0,0,0,0,15,0.42,0,NaN,NaN,-0.42,-0.42,0,1
-0.280533974712571,2,0.3,1.08,0,1,0,0,0,0,15,0.54,0,NaN,NaN,-0.54,-0.54,0,1
-0.552018466369898,2,0.15,0.54,0,1,0,1,0,0.54,15,0.27,1,NaN,1,-0.27,0.27,0,1
1.65052792289086,2,0,0.55,-0.28,1,1,0,0.55,-0.28,16,0.135,1,1,NaN,0.415,-0.415,0,1
-0.26621418111143,2,0.2,0.5,0,1,0,0,0,0,16,0.25,0,NaN,NaN,-0.25,-0.25,0,1
-0.90512821577886,1,0,0.15,-0.1,1,1,0,0.15,-0.1,16,0.025,1,1,NaN,0.125,-0.125,1,1
-2.18295628511372,1,0,0.25,-0.13,1,1,0,0.25,-0.13,16,0.06,1,1,NaN,0.19,-0.19,1,1
-2.18295628511372,2,-0.1,0,-0.18,1,1,0,0,-0.18,16,-0.09,1,1,NaN,0.09,-0.09,0,1
-0.585671198445145,2,0,0.15,-0.05,1,0,0,-0.05,-0.05,16,0.05,0,NaN,NaN,-0.1,-0.1,0,1
0.372699853556001,1,-0.1,0,-0.36,1,0,1,-0.36,0,16,-0.18,1,NaN,1,-0.18,0.18,1,1
0.372699853556001,2,0.2,0.56,0,1,0,0,0,0,16,0.28,0,NaN,NaN,-0.28,-0.28,0,1
-1.48755960832005,2,0,0.55,-0.11,1,0,1,-0.11,0.55,16,0.22,1,NaN,1,-0.33,0.33,0,1
1.50976199053378,2,0.2,0.44,0,1,0,1,0,0.44,16,0.22,1,NaN,1,-0.22,0.22,0,1
0.510654790915836,1,-0.2,0,-0.34,1,1,0,0,-0.34,16,-0.17,1,1,NaN,0.17,-0.17,1,1
1.50976199053378,2,0.2,1,0,1,1,0,1,0,16,0.5,1,1,NaN,0.5,-0.5,0,1
-0.821488141908085,2,-0.2,0,-0.34,1,0,0,-0.34,-0.34,16,-0.17,0,NaN,NaN,-0.17,-0.17,0,1
-0.155416675496124,2,0,0.4,-0.2,1,0,0,-0.2,-0.2,16,0.1,0,NaN,NaN,-0.3,-0.3,0,1
0.510654790915836,2,0.25,0.62,0,1,1,1,0.62,0.62,16,0.31,0,0,0,0.31,0.31,0,1
-0.155416675496124,2,0,0.15,-0.12,1,0,1,-0.12,0.15,16,0.015,1,NaN,1,-0.135,0.135,0,1
1.1767262573278,2,0.25,0.62,0,1,1,1,0.62,0.62,16,0.31,0,0,0,0.31,0.31,0,1
1.60252296666251,1,0,0.55,-0.74,1,1,1,0.55,0.55,16,-0.095,0,0,0,0.645,0.645,1,1
0.422751457463115,2,-0.15,0,-0.25,1,0,1,-0.25,0,16,-0.125,1,NaN,1,-0.125,0.125,0,1
1.89746584396235,2,0.15,0.42,0,1,1,1,0.42,0.42,16,0.21,0,0,0,0.21,0.21,0,1
0.422751457463115,2,-0.15,0,-0.25,1,1,0,0,-0.25,16,-0.125,1,1,NaN,0.125,-0.125,0,1
-0.16713429713658,1,-0.15,0,-0.25,1,1,0,0,-0.25,16,-0.125,1,1,NaN,0.125,-0.125,1,1
0.422751457463115,1,-0.15,0,-0.75,1,0,1,-0.75,0,16,-0.375,1,NaN,1,-0.375,0.375,1,1
-0.462077174436428,1,-0.25,0,-0.42,1,1,1,0,0,16,-0.21,0,0,0,0.21,0.21,1,1
-0.16713429713658,2,0,0.55,-0.19,1,1,1,0.55,0.55,16,0.18,0,0,0,0.37,0.37,0,1
1.01263721206281,2,0.15,0.75,0,1,1,1,0.75,0.75,16,0.375,0,0,0,0.375,0.375,0,1
0.746056350645987,1,0,0.55,-1.1,1,1,1,0.55,0.55,17,-0.275,0,0,0,0.825,0.825,1,1
-0.213158957327425,1,0,0.75,-0.75,1,0,0,-0.75,-0.75,17,0,0,NaN,NaN,-0.75,-0.75,1,1
0.746056350645987,2,0,0.25,-0.22,1,0,0,-0.22,-0.22,17,0.015,0,NaN,NaN,-0.235,-0.235,0,1
0.746056350645987,1,0,0.75,-0.15,1,1,1,0.75,0.75,17,0.3,0,0,0,0.45,0.45,1,1
0.746056350645987,2,0,0.25,-0.13,1,0,0,-0.13,-0.13,17,0.06,0,NaN,NaN,-0.19,-0.19,0,1
-3.25067409924323,1,0,0.25,-0.13,1,0,0,-0.13,-0.13,17,0.06,0,NaN,NaN,-0.19,-0.19,1,1
0.746056350645987,2,0.25,0.79,0,1,1,0,0.79,0,17,0.395,1,1,NaN,0.395,-0.395,0,1
1.29404990066304,2,-0.1,0,-0.18,1,1,1,0,0,17,-0.09,0,0,0,0.09,0.09,0,1
0.689039557495905,1,-0.3,0,-0.5,1,1,0,0,-0.5,17,-0.25,1,1,NaN,0.25,-0.25,1,1
1.29404990066304,2,0.2,1,0,1,1,0,1,0,17,0.5,1,1,NaN,0.5,-0.5,0,1
1.29404990066304,2,0.3,0.74,0,1,0,1,0,0.74,17,0.37,1,NaN,1,-0.37,0.37,0,1
-1.22682652920003,1,0,0.55,-0.11,1,0,0,-0.11,-0.11,17,0.22,0,NaN,NaN,-0.33,-0.33,1,1
-0.420146071643844,1,0.3,0.67,0,1,1,1,0.67,0.67,17,0.335,0,0,0,0.335,0.335,1,1
0.789874614690428,1,0.25,0.5,0,1,0,1,0,0.5,17,0.25,1,NaN,1,-0.25,0.25,1,1
0.588204500301383,1,0,0.15,-0.08,1,1,1,0.15,0.15,17,0.035,0,0,0,0.115,0.115,1,1
0.386534385912337,2,0,0.4,-0.2,1,0,0,-0.2,-0.2,17,0.1,0,NaN,NaN,-0.3,-0.3,0,1
1.29404990066304,2,0.2,1,0,1,1,1,1,1,17,0.5,0,0,0,0.5,0.5,0,1
1.29404990066304,1,0,0.15,-0.03,1,0,1,-0.03,0.15,17,0.06,1,NaN,1,-0.09,0.09,1,1
-1.45896989559985,1,0.25,0.9,0,1,0,1,0,0.9,17,0.45,1,NaN,1,-0.45,0.45,1,1
-1.45896989559985,2,0.15,0.75,0,1,0,1,0,0.75,17,0.375,1,NaN,1,-0.375,0.375,0,1
1.02154564902147,2,0.15,0.54,0,1,1,1,0.54,0.54,17,0.27,0,0,0,0.27,0.27,0,1
1.02154564902147,2,0.25,1.05,0,1,1,1,1.05,1.05,17,0.525,0,0,0,0.525,0.525,0,1
1.02154564902147,2,0.25,0.9,0,1,0,1,0,0.9,17,0.45,1,NaN,1,-0.45,0.45,0,1
1.02154564902147,2,0,0.15,-0.05,1,1,1,0.15,0.15,17,0.05,0,0,0,0.1,0.1,0,1
0.541445866191535,2,0,0.15,-0.12,1,1,0,0.15,-0.12,17,0.015,1,1,NaN,0.135,-0.135,0,1
-1.78059055529923,1,0.1,0.42,0,1,0,0,0,0,18,0.21,0,NaN,NaN,-0.21,-0.21,1,1
0.468576461920851,1,-0.1,0,-0.17,1,1,1,0,0,18,-0.085,0,0,0,0.085,0.085,1,1
-1.78059055529923,1,0,0.55,-0.28,1,1,0,0.55,-0.28,18,0.135,1,1,NaN,0.415,-0.415,1,1
0.281145877152511,1,0,0.15,-0.03,1,1,1,0.15,0.15,18,0.06,0,0,0,0.09,0.09,1,1
0.656007046689192,2,0.2,0.84,0,1,1,0,0.84,0,18,0.42,1,1,NaN,0.42,-0.42,0,1
-0.0937152923841702,2,0.2,0.84,0,1,1,1,0.84,0.84,18,0.42,0,0,0,0.42,0.42,0,1
0.656007046689192,2,0,0.25,-0.05,1,0,0,-0.05,-0.05,18,0.1,0,NaN,NaN,-0.15,-0.15,0,1
0.468576461920851,2,0.2,1,0,1,1,0,1,0,18,0.5,1,1,NaN,0.5,-0.5,0,1
-1.96802114006758,2,0.3,1.26,0,1,1,0,1.26,0,18,0.63,1,1,NaN,0.63,-0.63,0,1
0.281145877152511,2,0.15,0.42,0,1,1,1,0.42,0.42,18,0.21,0,0,0,0.21,0.21,0,1
0.382251442313113,2,0,0.4,-0.08,1,0,1,-0.08,0.4,18,0.16,1,NaN,1,-0.24,0.24,0,1
1.17860861379876,2,0,0.15,-0.13,1,0,0,-0.13,-0.13,18,0.01,0,NaN,NaN,-0.14,-0.14,0,1
0.700794310907373,2,0.3,0.67,0,1,0,0,0,0,18,0.335,0,NaN,NaN,-0.335,-0.335,0,1
-1.05119146636106,1,0,0.4,-0.36,1,0,0,-0.36,-0.36,18,0.02,0,NaN,NaN,-0.38,-0.38,1,1
0.382251442313113,2,0,0.15,-0.08,1,0,1,-0.08,0.15,18,0.035,1,NaN,1,-0.115,0.115,0,1
-1.4174782845304,2,0.3,1.08,0,1,1,0,1.08,0,18,0.54,1,1,NaN,0.54,-0.54,0,1
-1.13492447366055,2,-0.1,0,-0.18,1,0,0,-0.18,-0.18,18,-0.09,0,NaN,NaN,-0.09,-0.09,0,1
0.701675296993455,2,0,0.15,-0.13,1,0,1,-0.13,0.15,18,0.01,1,NaN,1,-0.14,0.14,0,1
1.12550601329823,2,0,0.25,-0.16,1,1,1,0.25,0.25,18,0.045,0,0,0,0.205,0.205,0,1
0.984229107863302,1,0.25,0.9,0,1,1,1,0.9,0.9,18,0.45,0,0,0,0.45,0.45,1,1
-1.70003209540025,1,0.2,0.72,0,1,1,0,0.72,0,18,0.36,1,1,NaN,0.36,-0.36,1,1
0.419121486123607,2,0,0.25,-0.05,1,1,1,0.25,0.25,18,0.1,0,0,0,0.15,0.15,0,1
-1.13492447366055,2,0.15,0.54,0,1,0,1,0,0.54,18,0.27,1,NaN,1,-0.27,0.27,0,1
0.701675296993455,2,0.25,0.79,0,1,1,1,0.79,0.79,18,0.395,0,0,0,0.395,0.395,0,1
0.277844580688683,2,0,0.15,-0.08,1,1,1,0.15,0.15,18,0.035,0,0,0,0.115,0.115,0,1
1.39414989252525,1,0.2,0.56,0,1,1,0,0.56,0,19,0.28,1,1,NaN,0.28,-0.28,1,1
1.224131612949,2,0.25,0.62,0,1,1,0,0.62,0,19,0.31,1,1,NaN,0.31,-0.31,0,1
-1.43948810041225,1,0,0.4,-0.26,1,0,1,-0.26,0.4,19,0.07,1,NaN,1,-0.33,0.33,1,1
-1.042778781401,1,0.3,1.08,0,1,0,0,0,0,19,0.54,0,NaN,NaN,-0.54,-0.54,1,1
0.600731254502749,2,0,0.4,-0.2,1,1,1,0.4,0.4,19,0.1,0,0,0,0.3,0.3,0,1
-0.136014623661,1,-0.25,0,-0.56,1,1,0,0,-0.56,19,-0.28,1,1,NaN,0.28,-0.28,1,1
1.1107860932315,1,0,0.75,-0.58,1,1,0,0.75,-0.58,19,0.085,1,1,NaN,0.665,-0.665,1,1
-1.03969620432751,2,0.2,1,0,1,0,1,0,1,19,0.5,1,NaN,1,-0.5,0.5,0,1
0.822446251184449,1,0,0.4,-0.44,1,1,0,0.4,-0.44,19,-0.02,1,1,NaN,0.42,-0.42,1,1
1.18452950642289,2,0.15,0.54,0,1,1,0,0.54,0,19,0.27,1,1,NaN,0.27,-0.27,0,1
-0.108624976571531,2,0.25,0.79,0,1,0,0,0,0,19,0.395,0,NaN,NaN,-0.395,-0.395,0,1
-1.40177945956595,2,-0.2,0,-0.34,1,0,1,-0.34,0,19,-0.17,1,NaN,1,-0.17,0.17,0,1
1.02935096846356,2,0,0.4,-0.14,1,0,0,-0.14,-0.14,19,0.13,0,NaN,NaN,-0.27,-0.27,0,1
0.905681709511123,1,0,0.55,-0.28,1,1,0,0.55,-0.28,19,0.135,1,1,NaN,0.415,-0.415,1,1
1.10546443955034,1,0.15,0.47,0,1,1,1,0.47,0.47,19,0.235,0,0,0,0.235,0.235,1,1
0.772493222818311,1,0,0.15,-0.1,1,1,1,0.15,0.15,19,0.025,0,0,0,0.125,0.125,1,1
-0.559391644109811,1,0.3,1.5,0,1,0,0,0,0,19,0.75,0,NaN,NaN,-0.75,-0.75,1,1
0.772493222818311,1,0.3,0.6,0,1,1,0,0.6,0,19,0.3,1,1,NaN,0.3,-0.3,1,1
1.10546443955034,1,0,0.55,-0.49,1,1,0,0.55,-0.49,19,0.03,1,1,NaN,0.52,-0.52,1,1
0.506116249432686,2,0,0.55,-0.11,1,1,0,0.55,-0.11,19,0.22,1,1,NaN,0.33,-0.33,0,1
-2.22424772776996,1,0,0.25,-0.34,1,0,1,-0.34,0.25,19,-0.045,1,NaN,1,-0.295,0.295,1,1
1.44295247148407,1,-0.15,0,-0.37,1,0,1,-0.37,0,20,-0.185,1,NaN,1,-0.185,0.185,1,1
2.1957972392149,1,0.3,0.95,0,1,1,1,0.95,0.95,20,0.475,0,0,0,0.475,0.475,1,1
-0.627370639775685,1,0.3,1.08,0,1,0,0,0,0,20,0.54,0,NaN,NaN,-0.54,-0.54,1,1
-0.81558183170839,1,0.25,1.25,0,1,0,0,0,0,20,0.625,0,NaN,NaN,-0.625,-0.625,1,1
-1.0037930236411,2,0.1,0.32,0,1,1,0,0.32,0,20,0.16,1,1,NaN,0.16,-0.16,0,1
-1.0037930236411,2,0,0.4,-0.14,1,1,0,0.4,-0.14,20,0.13,1,1,NaN,0.27,-0.27,0,1
-1.0037930236411,1,0,0.75,-0.15,1,1,0,0.75,-0.15,20,0.3,1,1,NaN,0.45,-0.45,1,1
0.501896511820547,1,-0.3,0,-0.5,1,1,0,0,-0.5,20,-0.25,1,1,NaN,0.25,-0.25,1,1
0.125474127955137,2,-0.3,0,-0.5,1,1,0,0,-0.5,20,-0.25,1,1,NaN,0.25,-0.25,0,1
0.240195481358671,2,0,0.55,-0.49,1,1,1,0.55,0.55,20,0.03,0,0,0,0.52,0.52,0,1
-0.446077322523247,1,0.1,0.25,0,1,0,1,0,0.25,20,0.125,1,NaN,1,-0.125,0.125,1,1
0.926468285240589,1,0.15,0.33,0,1,0,0,0,0,20,0.165,0,NaN,NaN,-0.165,-0.165,1,1
-1.13235012640516,2,0,0.75,-0.38,1,1,1,0.75,0.75,20,0.185,0,0,0,0.565,0.565,0,1
0.240195481358671,2,-0.15,0,-0.27,1,0,1,-0.27,0,20,-0.135,1,NaN,1,-0.135,0.135,0,1
0.240195481358671,1,0.3,0.74,0,1,1,1,0.74,0.74,20,0.37,0,0,0,0.37,0.37,1,1
-2.16175933222804,1,0,0.55,-0.49,1,0,0,-0.49,-0.49,20,0.03,0,NaN,NaN,-0.52,-0.52,1,1
0.240195481358671,1,-0.1,0,-0.18,1,1,0,0,-0.18,20,-0.09,1,1,NaN,0.09,-0.09,1,1
0.240195481358671,2,0,0.25,-0.05,1,1,1,0.25,0.25,20,0.1,0,0,0,0.15,0.15,0,1
0.511359122999707,1,0.2,0.5,0,1,1,0,0.5,0,20,0.25,1,1,NaN,0.25,-0.25,1,1
0.511359122999707,1,0.15,0.75,0,1,0,1,0,0.75,20,0.375,1,NaN,1,-0.375,0.375,1,1
0.511359122999707,1,-0.3,0,-0.55,1,0,0,-0.55,-0.55,20,-0.275,0,NaN,NaN,-0.275,-0.275,1,1
-1.25194819768894,2,0.25,0.56,0,1,0,0,0,0,20,0.28,0,NaN,NaN,-0.28,-0.28,0,1
0.511359122999707,2,0,0.75,-0.67,1,0,1,-0.67,0.75,20,0.04,1,NaN,1,-0.71,0.71,0,1
0.74943175072363,2,-0.2,0,-0.34,1,1,0,0,-0.34,21,-0.17,1,1,NaN,0.17,-0.17,0,1
0.74943175072363,1,-0.3,0,-0.5,1,1,1,0,0,21,-0.25,0,0,0,0.25,0.25,1,1
0.74943175072363,1,-0.15,0,-0.27,1,1,1,0,0,21,-0.135,0,0,0,0.135,0.135,1,1
0.0990984133188274,2,0.1,0.36,0,1,0,0,0,0,21,0.18,0,NaN,NaN,-0.18,-0.18,0,1
0.0990984133188274,2,0,0.4,-0.2,1,0,0,-0.2,-0.2,21,0.1,0,NaN,NaN,-0.3,-0.3,0,1
0.74943175072363,1,0.25,0.7,0,1,1,1,0.7,0.7,21,0.35,0,0,0,0.35,0.35,1,1
-0.365425399113175,2,-0.25,0,-0.46,1,1,0,0,-0.46,21,-0.23,1,1,NaN,0.23,-0.23,0,1
-0.272520636626774,1,0,0.75,-0.75,1,0,0,-0.75,-0.75,21,0,0,NaN,NaN,-0.75,-0.75,1,1
0.74943175072363,1,0.3,0.95,0,1,0,0,0,0,21,0.475,0,NaN,NaN,-0.475,-0.475,1,1
0.74943175072363,1,0.15,0.33,0,1,1,1,0.33,0.33,21,0.165,0,0,0,0.165,0.165,1,1
0.74943175072363,1,0,0.15,-0.13,1,0,0,-0.13,-0.13,21,0.01,0,NaN,NaN,-0.14,-0.14,1,1
-0.829949211545176,2,0,0.55,-0.28,1,0,0,-0.28,-0.28,21,0.135,0,NaN,NaN,-0.415,-0.415,0,1
0.74943175072363,2,0,0.4,-0.08,1,1,1,0.4,0.4,21,0.16,0,0,0,0.24,0.24,0,1
-0.0867111116539734,1,0.1,0.28,0,1,1,1,0.28,0.28,21,0.14,0,0,0,0.14,0.14,1,1
0.647664384193454,1,0,0.4,-0.31,1,1,1,0.4,0.4,21,0.045,0,0,0,0.355,0.355,1,1
0.744814041822472,2,0,0.15,-0.08,1,0,0,-0.08,-0.08,21,0.035,0,NaN,NaN,-0.115,-0.115,0,1
0.0647664384193452,2,0,0.55,-0.19,1,1,1,0.55,0.55,21,0.18,0,0,0,0.37,0.37,0,1
-0.032383219209673,2,-0.25,0,-0.42,1,0,0,-0.42,-0.42,21,-0.21,0,NaN,NaN,-0.21,-0.21,0,1
-0.129532876838691,1,-0.1,0,-0.25,1,0,0,-0.25,-0.25,21,-0.125,0,NaN,NaN,-0.125,-0.125,1,1
-0.906730137870837,1,0,0.75,-0.67,1,0,1,-0.67,0.75,21,0.04,1,NaN,1,-0.71,0.71,1,1
0.744814041822472,1,-0.2,0,-0.34,1,1,0,0,-0.34,21,-0.17,1,1,NaN,0.17,-0.17,1,1
0.744814041822472,2,0,0.15,-0.05,1,0,0,-0.05,-0.05,21,0.05,0,NaN,NaN,-0.1,-0.1,0,1
0.453365068935418,1,0.1,0.32,0,1,1,1,0.32,0.32,21,0.16,0,0,0,0.16,0.16,1,1
0.744814041822472,1,-0.3,0,-0.55,1,1,0,0,-0.55,21,-0.275,1,1,NaN,0.275,-0.275,1,1
0.470762666109975,2,0,0.75,-0.26,1,1,0,0.75,-0.26,21,0.245,1,1,NaN,0.505,-0.505,0,1
0.31808288250674,2,0,0.25,-0.13,1,0,1,-0.13,0.25,21,0.06,1,NaN,1,-0.19,0.19,0,1
1.0051419087213,1,0.15,0.3,0,1,1,0,0.3,0,21,0.15,1,1,NaN,0.15,-0.15,1,1
1.0051419087213,2,0.25,1.25,0,1,0,1,0,1.25,21,0.625,1,NaN,1,-0.625,0.625,0,1
-0.139956468302966,1,0,0.4,-0.2,1,1,0,0.4,-0.2,21,0.1,1,1,NaN,0.3,-0.3,1,1
1.0051419087213,1,0.15,0.63,0,1,1,1,0.63,0.63,21,0.315,0,0,0,0.315,0.315,1,1
-1.81943408793855,2,0,0.55,-0.28,1,0,1,-0.28,0.55,21,0.135,1,NaN,1,-0.415,0.415,0,1
0.62344244971321,1,0.1,0.42,0,1,1,0,0.42,0,21,0.21,1,1,NaN,0.21,-0.21,1,1
0.31808288250674,2,0.2,0.72,0,1,0,1,0,0.72,21,0.36,1,NaN,1,-0.36,0.36,0,1
-1.97211387154179,1,0,0.55,-0.49,1,0,0,-0.49,-0.49,21,0.03,0,NaN,NaN,-0.52,-0.52,1,1
0.62344244971321,1,0,0.55,-0.28,1,1,1,0.55,0.55,21,0.135,0,0,0,0.415,0.415,1,1
0.31808288250674,1,0.1,0.42,0,1,0,0,0,0,21,0.21,0,NaN,NaN,-0.21,-0.21,1,1
0.776122233316445,2,0,0.25,-0.09,1,0,1,-0.09,0.25,21,0.08,1,NaN,1,-0.17,0.17,0,1
0.92748588881575,2,0,0.55,-0.49,1,1,0,0.55,-0.49,22,0.03,1,1,NaN,0.52,-0.52,0,1
1.41563635661351,1,0,0.55,-0.19,1,1,1,0.55,0.55,22,0.18,0,0,0,0.37,0.37,1,1
-1.26919121627418,1,0.2,1,0,1,0,1,0,1,22,0.5,1,NaN,1,-0.5,0.5,1,1
1.17156112271463,1,0,0.25,-0.25,1,1,1,0.25,0.25,22,0,0,0,0,0.25,0.25,1,1
2.14786205831016,2,0.3,0.84,0,1,1,1,0.84,0.84,22,0.42,0,0,0,0.42,0.42,0,1
0.683410654916869,2,0,0.55,-0.11,1,1,0,0.55,-0.11,22,0.22,1,1,NaN,0.33,-0.33,0,1
1.17156112271463,2,0,0.75,-0.26,1,1,0,0.75,-0.26,22,0.245,1,1,NaN,0.505,-0.505,0,1
-0.0488150467797761,1,0,0.25,-0.09,1,0,1,-0.09,0.25,22,0.08,1,NaN,1,-0.17,0.17,1,1
-1.0251159823753,2,0.25,1.25,0,1,0,0,0,0,22,0.625,0,NaN,NaN,-0.625,-0.625,0,1
-1.25291339884486,1,0,0.4,-0.36,1,1,0,0.4,-0.36,22,0.02,1,1,NaN,0.38,-0.38,1,1
-0.330523166566437,2,0,0.55,-0.19,1,1,0,0.55,-0.19,22,0.18,1,1,NaN,0.37,-0.37,0,1
-0.791718282705651,1,0.15,0.3,0,1,1,0,0.3,0,22,0.15,1,1,NaN,0.15,-0.15,1,1
-1.02231584077526,2,-0.3,0,-0.5,1,0,0,-0.5,-0.5,22,-0.25,0,NaN,NaN,-0.25,-0.25,0,1
2.66724508833845,1,0.2,1,0,1,1,1,1,1,22,0.5,0,0,0,0.5,0.5,1,1
0.130671949572777,2,-0.15,0,-0.27,1,1,1,0,0,22,-0.135,0,0,0,0.135,0.135,0,1
0.361269507642384,2,0.3,1.08,0,1,0,0,0,0,22,0.54,0,NaN,NaN,-0.54,-0.54,0,1
0.130671949572777,1,0.15,0.47,0,1,1,0,0.47,0,22,0.235,1,1,NaN,0.235,-0.235,1,1
0.768582568318474,1,0.3,0.67,0,1,1,1,0.67,0.67,22,0.335,0,0,0,0.335,0.335,1,1
0.768582568318474,2,0.2,0.63,0,1,1,0,0.63,0,22,0.315,1,1,NaN,0.315,-0.315,0,1
-1.00506951241647,1,0.25,0.7,0,1,0,0,0,0,22,0.35,0,NaN,NaN,-0.35,-0.35,1,1
0.768582568318474,1,0.25,0.62,0,1,1,1,0.62,0.62,22,0.31,0,0,0,0.31,0.31,1,1
0.965655021733467,2,0.15,0.42,0,1,1,1,0.42,0.42,22,0.21,0,0,0,0.21,0.21,0,1
-0.216779698756492,1,0,0.55,-0.19,1,0,0,-0.19,-0.19,22,0.18,0,NaN,NaN,-0.37,-0.37,1,1
0.965655021733467,1,0.15,0.37,0,1,1,0,0.37,0,22,0.185,1,1,NaN,0.185,-0.185,1,1
-1.00506951241647,2,0,0.75,-0.67,1,0,1,-0.67,0.75,22,0.04,1,NaN,1,-0.71,0.71,0,1
1.16272747514846,1,0,0.75,-0.48,1,1,1,0.75,0.75,22,0.135,0,0,0,0.615,0.615,1,1
1.55687238197845,1,0.15,0.63,0,1,1,0,0.63,0,22,0.315,1,1,NaN,0.315,-0.315,1,1
-0.216779698756492,1,0.2,0.5,0,1,0,1,0,0.5,22,0.25,1,NaN,1,-0.25,0.25,1,1
-0.610924605586479,2,0.1,0.22,0,1,0,1,0,0.22,22,0.11,1,NaN,1,-0.11,0.11,0,1
0.902845233194829,1,0,0.55,-0.49,1,1,1,0.55,0.55,23,0.03,0,0,0,0.52,0.52,1,1
-1.27365666825699,1,0,0.75,-0.58,1,0,1,-0.58,0.75,23,0.085,1,NaN,1,-0.665,0.665,1,1
-0.30632248983396,1,-0.3,0,-1.08,1,1,0,0,-1.08,23,-0.54,1,1,NaN,0.54,-0.54,1,1
0.902845233194829,2,-0.3,0,-0.5,1,1,1,0,0,23,-0.25,0,0,0,0.25,0.25,0,1
0.419178143983314,1,-0.15,0,-0.27,1,1,1,0,0,23,-0.135,0,0,0,0.135,0.135,1,1
1.38651232240635,2,0.2,0.63,0,1,1,0,0.63,0,23,0.315,1,1,NaN,0.315,-0.315,0,1
-1.99915730207427,2,-0.15,0,-0.25,1,0,0,-0.25,-0.25,23,-0.125,0,NaN,NaN,-0.125,-0.125,0,1
-1.27365666825699,1,0.3,1.5,0,1,0,0,0,0,23,0.75,0,NaN,NaN,-0.75,-0.75,1,1
-0.586901192341206,1,0.1,0.2,0,1,0,0,0,0,23,0.1,0,NaN,NaN,-0.1,-0.1,1,1
0.559603462464871,1,0,0.4,-0.4,1,1,1,0.4,0.4,23,0,0,0,0,0.4,0.4,1,1
-1.73340584714728,1,-0.15,0,-0.3,1,0,1,-0.3,0,23,-0.15,1,NaN,1,-0.15,0.15,1,1
1.37853535875493,2,0.25,0.79,0,1,1,1,0.79,0.79,23,0.395,0,0,0,0.395,0.395,0,1
-0.586901192341206,2,0.2,0.44,0,1,0,0,0,0,23,0.22,0,NaN,NaN,-0.22,-0.22,0,1
-1.24204670937325,2,0,0.15,-0.05,1,0,0,-0.05,-0.05,23,0.05,0,NaN,NaN,-0.1,-0.1,0,1
-1.24204670937325,1,0.25,0.56,0,1,0,0,0,0,23,0.28,0,NaN,NaN,-0.28,-0.28,1,1
-1.9790854160343,2,0.3,0.67,0,1,0,1,0,0.67,23,0.335,1,NaN,1,-0.335,0.335,0,1
0.0682443246908378,2,0.15,0.54,0,1,1,1,0.54,0.54,23,0.27,0,0,0,0.27,0.27,0,1
0.887176220980893,1,0.25,0.46,0,1,1,0,0.46,0,23,0.23,1,1,NaN,0.23,-0.23,1,1
0.887176220980893,1,0.1,0.36,0,1,1,1,0.36,0.36,23,0.18,0,0,0,0.18,0.18,1,1
0.0682443246908378,2,-0.2,0,-0.34,1,1,0,0,-0.34,23,-0.17,1,1,NaN,0.17,-0.17,0,1
0,2,-0.3,0,-0.5,1,1,1,0,0,23,-0.25,0,0,0,0.25,0.25,0,1
1.38573816800659,1,0,0.4,-0.08,1,1,0,0.4,-0.08,23,0.16,1,1,NaN,0.24,-0.24,1,1
1.18777557257708,2,0.1,0.22,0,1,1,1,0.22,0.22,23,0.11,0,0,0,0.11,0.11,0,1
0,2,0.2,0.84,0,1,0,0,0,0,23,0.42,0,NaN,NaN,-0.42,-0.42,0,1
-0.989812977147567,2,0.15,0.33,0,1,0,1,0,0.33,23,0.165,1,NaN,1,-0.165,0.165,0,1
1.18777557257708,2,0,0.25,-0.13,1,1,1,0.25,0.25,23,0.06,0,0,0,0.19,0.19,0,1
-0.989812977147567,2,0.25,0.79,0,1,0,1,0,0.79,23,0.395,1,NaN,1,-0.395,0.395,0,1
0.59388778628854,1,-0.15,0,-0.27,1,1,1,0,0,23,-0.135,0,0,0,0.135,0.135,1,1
-1.97962595429513,2,0,0.55,-0.42,1,0,1,-0.42,0.55,23,0.065,1,NaN,1,-0.485,0.485,0,1
0,2,0,0.25,-0.19,1,1,1,0.25,0.25,23,0.03,0,0,0,0.22,0.22,0,1
1.38147531217762,1,0,0.55,-0.49,1,0,1,-0.49,0.55,24,0.03,1,NaN,1,-0.52,0.52,1,1
0.832544724557375,1,0,0.75,-0.48,1,1,1,0.75,0.75,24,0.135,0,0,0,0.615,0.615,1,1
1.1070100183675,1,0.2,0.44,0,1,1,1,0.44,0.44,24,0.22,0,0,0,0.22,0.22,1,1
1.1070100183675,2,0,0.25,-0.09,1,1,0,0.25,-0.09,24,0.08,1,1,NaN,0.17,-0.17,0,1
0.00914884312700409,2,0,0.25,-0.22,1,1,0,0.25,-0.22,24,0.015,1,1,NaN,0.235,-0.235,0,1
0.00914884312700409,2,0.25,0.56,0,1,1,0,0.56,0,24,0.28,1,1,NaN,0.28,-0.28,0,1
0.00914884312700409,1,0,0.15,-0.03,1,1,0,0.15,-0.03,24,0.06,1,1,NaN,0.09,-0.09,1,1
1.38147531217762,2,0,0.75,-0.26,1,1,0,0.75,-0.26,24,0.245,1,1,NaN,0.505,-0.505,0,1
-2.46103880116411,1,0.25,0.7,0,1,0,0,0,0,24,0.35,0,NaN,NaN,-0.35,-0.35,1,1
1.65594060598775,2,0.25,0.9,0,1,1,0,0.9,0,24,0.45,1,1,NaN,0.45,-0.45,0,1
1.38147531217762,2,0.2,0.44,0,1,0,0,0,0,24,0.22,0,NaN,NaN,-0.22,-0.22,0,1
0.00914884312700409,1,0,0.25,-0.05,1,0,1,-0.05,0.25,24,0.1,1,NaN,1,-0.15,0.15,1,1
0.279594339695577,2,0.25,0.56,0,1,0,1,0,0.56,24,0.28,1,NaN,1,-0.28,0.28,0,1
0.279594339695577,1,0.2,0.84,0,1,0,0,0,0,24,0.42,0,NaN,NaN,-0.42,-0.42,1,1
1.78751886839082,2,0.3,1.5,0,1,0,1,0,1.5,24,0.75,1,NaN,1,-0.75,0.75,0,1
-0.662858490738952,2,0.25,1.25,0,1,1,1,1.25,1.25,24,0.625,0,0,0,0.625,0.625,0,1
-0.662858490738952,1,0.25,0.56,0,1,0,0,0,0,24,0.28,0,NaN,NaN,-0.28,-0.28,1,1
-0.28587735856514,2,0,0.75,-0.58,1,1,0,0.75,-0.58,24,0.085,1,1,NaN,0.665,-0.665,0,1
-0.28587735856514,1,-0.2,0,-0.56,1,0,0,-0.56,-0.56,24,-0.28,0,NaN,NaN,-0.28,-0.28,1,1
0.845066037956294,2,-0.25,0,-0.46,1,0,0,-0.46,-0.46,24,-0.23,0,NaN,NaN,-0.23,-0.23,0,1
1.0335566040432,1,-0.1,0,-0.28,1,1,0,0,-0.28,24,-0.14,1,1,NaN,0.14,-0.14,1,1
-0.752461893898536,1,0.1,0.42,0,1,0,0,0,0,24,0.21,0,NaN,NaN,-0.21,-0.21,1,1
-0.376230946949268,1,0,0.75,-0.15,1,1,0,0.75,-0.15,24,0.3,1,1,NaN,0.45,-0.45,1,1
-0.94057736737317,1,0.25,0.7,0,1,0,0,0,0,24,0.35,0,NaN,NaN,-0.35,-0.35,1,1
1.31680831432244,2,0.2,1,0,1,1,1,1,1,24,0.5,0,0,0,0.5,0.5,0,1
-0.376230946949268,2,0,0.55,-0.19,1,0,0,-0.19,-0.19,24,0.18,0,NaN,NaN,-0.37,-0.37,0,1
-0.376230946949268,2,-0.15,0,-0.27,1,1,0,0,-0.27,24,-0.135,1,1,NaN,0.135,-0.135,0,1
1.69303926127171,2,0,0.55,-0.49,1,1,1,0.55,0.55,24,0.03,0,0,0,0.52,0.52,0,1
0.94057736737317,2,0.15,0.42,0,1,0,1,0,0.42,24,0.21,1,NaN,1,-0.21,0.21,0,1
0.94057736737317,2,0,0.15,-0.05,1,1,0,0.15,-0.05,24,0.05,1,1,NaN,0.1,-0.1,0,1
1.1286928408478,2,0,0.15,-0.13,1,0,1,-0.13,0.15,24,0.01,1,NaN,1,-0.14,0.14,0,1
1.1286928408478,1,0.3,0.74,0,1,1,0,0.74,0,24,0.37,1,1,NaN,0.37,-0.37,1,1
1.31680831432244,1,0,0.15,-0.12,1,1,1,0.15,0.15,24,0.015,0,0,0,0.135,0.135,1,1
0.876274428651486,1,0,0.75,-0.15,1,1,1,0.75,0.75,25,0.3,0,0,0,0.45,0.45,1,1
0.290231020954632,2,0.2,0.72,0,1,0,1,0,0.72,25,0.36,1,NaN,1,-0.36,0.36,0,1
0.876274428651486,1,-0.15,0,-0.27,1,1,1,0,0,25,-0.135,0,0,0,0.135,0.135,1,1
0.876274428651486,1,0,0.4,-0.2,1,1,1,0.4,0.4,25,0.1,0,0,0,0.3,0.3,1,1
0.625112968209977,1,0.3,0.74,0,1,1,1,0.74,0.74,25,0.37,0,0,0,0.37,0.37,1,1
-2.38882455708813,2,0,0.25,-0.05,1,0,0,-0.05,-0.05,25,0.1,0,NaN,NaN,-0.15,-0.15,0,1
-1.21673774169442,1,-0.1,0,-0.2,1,1,0,0,-0.2,25,-0.1,1,1,NaN,0.1,-0.1,1,1
-2.05394260983278,2,0.15,0.47,0,1,0,0,0,0,25,0.235,0,NaN,NaN,-0.235,-0.235,0,1
-0.251777230200766,2,0.15,0.42,0,1,0,0,0,0,25,0.21,0,NaN,NaN,-0.21,-0.21,0,1
1.17722867093872,2,0.2,1,0,1,1,0,1,0,25,0.5,1,1,NaN,0.5,-0.5,0,1
-0.660064630526334,2,0,0.55,-0.19,1,0,0,-0.19,-0.19,25,0.18,0,NaN,NaN,-0.37,-0.37,0,1
0.156510170124801,2,0,0.15,-0.13,1,1,0,0.15,-0.13,25,0.01,1,1,NaN,0.14,-0.14,0,1
-0.251777230200766,1,0.25,1.25,0,1,0,1,0,1.25,25,0.625,1,NaN,1,-0.625,0.625,1,1
-1.88492683150304,1,0,0.55,-0.74,1,0,1,-0.74,0.55,25,-0.095,1,NaN,1,-0.645,0.645,1,1
0.156510170124801,2,0,0.15,-0.1,1,1,0,0.15,-0.1,25,0.025,1,1,NaN,0.125,-0.125,0,1
-1.68078313134025,2,0.15,0.37,0,1,0,1,0,0.37,25,0.185,1,NaN,1,-0.185,0.185,0,1
-2.39528608190999,2,-0.3,0,-0.5,1,0,0,-0.5,-0.5,25,-0.25,0,NaN,NaN,-0.25,-0.25,0,1
1.47194337602835,2,-0.1,0,-0.17,1,1,0,0,-0.17,25,-0.085,1,1,NaN,0.085,-0.085,0,1
-1.0574103966218,2,0.15,0.42,0,1,0,0,0,0,25,0.21,0,NaN,NaN,-0.21,-0.21,0,1
-1.16280013714889,2,0.25,0.9,0,1,0,0,0,0,25,0.45,0,NaN,NaN,-0.45,-0.45,0,1
-1.16280013714889,1,0,0.4,-0.26,1,0,1,-0.26,0.4,25,0.07,1,NaN,1,-0.33,0.33,1,1
-0.84663091556762,1,0.15,0.54,0,1,0,0,0,0,25,0.27,0,NaN,NaN,-0.27,-0.27,1,1
-0.00351299135090297,1,0.3,0.84,0,1,0,1,0,0.84,25,0.42,1,NaN,1,-0.42,0.42,1,1
0.418045970757455,2,0.2,1,0,1,0,0,0,0,25,0.5,0,NaN,NaN,-0.5,-0.5,0,1
1.47194337602835,2,0.1,0.36,0,1,1,1,0.36,0.36,25,0.18,0,0,0,0.18,0.18,0,1
-1.16280013714889,1,0,0.75,-0.58,1,0,1,-0.58,0.75,25,0.085,1,NaN,1,-0.665,0.665,1,1
-1.16280013714889,2,0.1,0.42,0,1,0,1,0,0.42,25,0.21,1,NaN,1,-0.21,0.21,0,1
0.418045970757455,1,0,0.4,-0.54,1,1,0,0.4,-0.54,25,-0.07,1,1,NaN,0.47,-0.47,1,1
1.47194337602835,1,0.1,0.28,0,1,1,0,0.28,0,25,0.14,1,1,NaN,0.14,-0.14,1,1
0.207266489703276,1,0,0.75,-0.58,1,1,0,0.75,-0.58,25,0.085,1,1,NaN,0.665,-0.665,1,1
1.47194337602835,2,0,0.75,-0.67,1,1,1,0.75,0.75,25,0.04,0,0,0,0.71,0.71,0,1
-1.67097090118643,1,-0.3,0,-0.6,1,1,0,0,-0.6,26,-0.3,1,1,NaN,0.3,-0.3,1,1
-0.104435681324152,2,0.25,0.9,0,1,0,1,0,0.9,26,0.45,1,NaN,1,-0.45,0.45,0,1
1.8102184762853,1,-0.2,0,-0.36,1,1,1,0,0,26,-0.18,0,0,0,0.18,0.18,1,1
-0.452554619071324,2,0,0.4,-0.08,1,0,0,-0.08,-0.08,26,0.16,0,NaN,NaN,-0.24,-0.24,0,1
0.243683256423021,2,0.1,0.32,0,1,0,0,0,0,26,0.16,0,NaN,NaN,-0.16,-0.16,0,1
0.243683256423021,2,-0.1,0,-0.18,1,1,0,0,-0.18,26,-0.09,1,1,NaN,0.09,-0.09,0,1
-1.14879249456567,2,0.3,0.95,0,1,0,1,0,0.95,26,0.475,1,NaN,1,-0.475,0.475,0,1
-0.728687803859072,2,0,0.55,-0.49,1,1,0,0.55,-0.49,26,0.03,1,1,NaN,0.52,-0.52,0,1
-1.06500525179403,2,0.15,0.42,0,1,0,1,0,0.42,26,0.21,1,NaN,1,-0.21,0.21,0,1
0.728687803859072,1,0.3,0.95,0,1,1,1,0.95,0.95,26,0.475,0,0,0,0.475,0.475,1,1
0.728687803859072,1,0,0.55,-0.19,1,1,1,0.55,0.55,26,0.18,0,0,0,0.37,0.37,1,1
-1.96185177962058,2,-0.2,0,-0.36,1,0,0,-0.36,-0.36,26,-0.18,0,NaN,NaN,-0.18,-0.18,0,1
-0.616581987880753,1,0.2,0.72,0,1,1,0,0.72,0,26,0.36,1,1,NaN,0.36,-0.36,1,1
0.0560529079891594,2,-0.1,0,-0.17,1,1,1,0,0,26,-0.085,0,0,0,0.085,0.085,0,1
0.728687803859072,2,0.25,0.56,0,1,1,1,0.56,0.56,26,0.28,0,0,0,0.28,0.28,0,1
1.84974596364226,2,0.25,0.7,0,1,1,1,0.7,0.7,26,0.35,0,0,0,0.35,0.35,0,1
0.255480019935478,2,-0.1,0,-0.18,1,0,0,-0.18,-0.18,26,-0.09,0,NaN,NaN,-0.09,-0.09,0,1
-1.75485456316336,1,0.1,0.22,0,1,0,0,0,0,26,0.11,0,NaN,NaN,-0.11,-0.11,1,1
2.76839824880903,2,0.3,1.5,0,1,1,1,1.5,1.5,26,0.75,0,0,0,0.75,0.75,0,1
-2.00614638605072,2,-0.15,0,-0.27,1,0,0,-0.27,-0.27,26,-0.135,0,NaN,NaN,-0.135,-0.135,0,1
0.255480019935478,1,0.1,0.36,0,1,0,1,0,0.36,26,0.18,1,NaN,1,-0.18,0.18,1,1
0.255480019935478,1,-0.1,0,-0.36,1,0,1,-0.36,0,26,-0.18,1,NaN,1,-0.18,0.18,1,1
0.255480019935478,2,0,0.25,-0.05,1,0,1,-0.05,0.25,26,0.1,1,NaN,1,-0.15,0.15,0,1
0.255480019935478,2,0,0.25,-0.16,1,1,0,0.25,-0.16,26,0.045,1,1,NaN,0.205,-0.205,0,1
0.255480019935478,2,0,0.15,-0.05,1,0,1,-0.05,0.15,26,0.05,1,NaN,1,-0.1,0.1,0,1
-2.25743820893807,1,0.2,1,0,1,0,1,0,1,26,0.5,1,NaN,1,-0.5,0.5,1,1
-0.498395448726588,2,-0.3,0,-0.5,1,0,1,-0.5,0,26,-0.25,1,NaN,1,-0.25,0.25,0,1
0.254764663071064,2,-0.25,0,-0.46,1,1,1,0,0,27,-0.23,0,0,0,0.23,0.23,0,1
0.254764663071064,2,0,0.75,-0.15,1,1,1,0.75,0.75,27,0.3,0,0,0,0.45,0.45,0,1
0.254764663071064,2,0,0.75,-0.26,1,0,1,-0.26,0.75,27,0.245,1,NaN,1,-0.505,0.505,0,1
0.732448406329308,2,0.25,0.7,0,1,0,1,0,0.7,27,0.35,1,NaN,1,-0.35,0.35,0,1
0.732448406329308,2,0.1,0.25,0,1,1,1,0.25,0.25,27,0.125,0,0,0,0.125,0.125,0,1
-1.41712843833279,1,-0.15,0,-0.3,1,1,0,0,-0.3,27,-0.15,1,1,NaN,0.15,-0.15,1,1
-0.700602823445425,1,0.2,0.72,0,1,0,0,0,0,27,0.36,0,NaN,NaN,-0.36,-0.36,1,1
0.254764663071064,1,0.3,1.26,0,1,0,1,0,1.26,27,0.63,1,NaN,1,-0.63,0.63,1,1
-0.461760951816303,1,0.2,0.56,0,1,1,0,0.56,0,27,0.28,1,1,NaN,0.28,-0.28,1,1
0.122707429228854,1,0.1,0.36,0,1,1,0,0.36,0,27,0.18,1,1,NaN,0.18,-0.18,1,1
0.122707429228854,2,0.1,0.22,0,1,1,0,0.22,0,27,0.11,1,1,NaN,0.11,-0.11,0,1
0.122707429228854,1,0.3,1.5,0,1,1,1,1.5,1.5,27,0.75,0,0,0,0.75,0.75,1,1
2.08602629689052,2,0.3,1.26,0,1,0,1,0,1.26,27,0.63,1,NaN,1,-0.63,0.63,0,1
0.122707429228854,2,0,0.4,-0.31,1,0,0,-0.31,-0.31,27,0.045,0,NaN,NaN,-0.355,-0.355,0,1
0.122707429228854,1,0.1,0.2,0,1,0,1,0,0.2,27,0.1,1,NaN,1,-0.1,0.1,1,1
0.122707429228854,2,0,0.55,-0.19,1,0,1,-0.19,0.55,27,0.18,1,NaN,1,-0.37,0.37,0,1
0.0246647332541595,2,0.3,0.67,0,1,1,0,0.67,0,27,0.335,1,1,NaN,0.335,-0.335,0,1
0.0246647332541595,2,0.3,0.74,0,1,0,1,0,0.74,27,0.37,1,NaN,1,-0.37,0.37,0,1
0.0246647332541595,1,0.15,0.63,0,1,1,1,0.63,0.63,27,0.315,0,0,0,0.315,0.315,1,1
0.0246647332541595,1,0.1,0.28,0,1,0,0,0,0,27,0.14,0,NaN,NaN,-0.14,-0.14,1,1
0.0246647332541595,1,0.1,0.42,0,1,1,1,0.42,0.42,27,0.21,0,0,0,0.21,0.21,1,1
2.98443272375331,2,0,0.55,-0.42,1,1,1,0.55,0.55,27,0.065,0,0,0,0.485,0.485,0,1
0.0246647332541595,2,0.1,0.28,0,1,0,0,0,0,27,0.14,0,NaN,NaN,-0.14,-0.14,0,1
0.0246647332541595,1,0.1,0.2,0,1,1,0,0.2,0,27,0.1,1,1,NaN,0.1,-0.1,1,1
0.0246647332541595,2,0.3,0.95,0,1,0,0,0,0,27,0.475,0,NaN,NaN,-0.475,-0.475,0,1
0.0246647332541595,2,0,0.4,-0.26,1,1,0,0.4,-0.26,27,0.07,1,1,NaN,0.33,-0.33,0,1
2.24449072612852,1,-0.2,0,-0.56,1,1,1,0,0,27,-0.28,0,0,0,0.28,0.28,1,1
2.80259793732264,2,0.25,0.9,0,1,1,1,0.9,0.9,28,0.45,0,0,0,0.45,0.45,0,1
1.91756700974707,1,0,0.75,-0.67,1,1,1,0.75,0.75,28,0.04,0,0,0,0.71,0.71,1,1
-1.1168247419406,1,0,0.75,-0.26,1,1,0,0.75,-0.26,28,0.245,1,1,NaN,0.505,-0.505,1,1
-1.87542267986252,1,0,0.4,-0.36,1,0,0,-0.36,-0.36,28,0.02,0,NaN,NaN,-0.38,-0.38,1,1
-0.737525772979641,1,0.25,0.79,0,1,1,0,0.79,0,28,0.395,1,1,NaN,0.395,-0.395,1,1
1.15896907182515,1,0.1,0.42,0,1,1,1,0.42,0.42,28,0.21,0,0,0,0.21,0.21,1,1
0.400371133903234,1,0,0.75,-0.15,1,0,0,-0.15,-0.15,28,0.3,0,NaN,NaN,-0.45,-0.45,1,1
0.147505154595928,2,0.15,0.33,0,1,0,1,0,0.33,28,0.165,1,NaN,1,-0.165,0.165,0,1
0.906103092517845,2,0,0.25,-0.22,1,0,0,-0.22,-0.22,28,0.015,0,NaN,NaN,-0.235,-0.235,0,1
-0.611092783325988,1,0,0.75,-0.67,1,0,1,-0.67,0.75,28,0.04,1,NaN,1,-0.71,0.71,1,1
0.400371133903234,2,0,0.15,-0.1,1,0,0,-0.1,-0.1,28,0.025,0,NaN,NaN,-0.125,-0.125,0,1
-0.611092783325988,1,-0.15,0,-0.3,1,0,1,-0.3,0,28,-0.15,1,NaN,1,-0.15,0.15,1,1
1.05289307965225,1,-0.15,0,-0.25,1,1,1,0,0,28,-0.125,0,0,0,0.125,0.125,1,1
-0.204292687096705,2,-0.3,0,-0.5,1,0,0,-0.5,-0.5,28,-0.25,0,NaN,NaN,-0.25,-0.25,0,1
0.424300196277772,1,0.1,0.28,0,1,1,1,0.28,0.28,28,0.14,0,0,0,0.14,0.14,1,1
1.05289307965225,2,0,0.15,-0.13,1,0,1,-0.13,0.15,28,0.01,1,NaN,1,-0.14,0.14,0,1
-0.518589128783943,2,0,0.25,-0.22,1,0,1,-0.22,0.25,28,0.015,1,NaN,1,-0.235,0.235,0,1
-0.832885570471182,1,0.1,0.32,0,1,0,0,0,0,28,0.16,0,NaN,NaN,-0.16,-0.16,1,1
-2.24721955806375,1,0.25,1.05,0,1,0,1,0,1.05,28,0.525,1,NaN,1,-0.525,0.525,1,1
-0.832885570471182,2,0.2,0.44,0,1,1,0,0.44,0,28,0.22,1,1,NaN,0.22,-0.22,0,1
0.110003754590533,2,0,0.25,-0.05,1,1,0,0.25,-0.05,28,0.1,1,1,NaN,0.15,-0.15,0,1
0.110003754590533,2,0.1,0.5,0,1,0,0,0,0,28,0.25,0,NaN,NaN,-0.25,-0.25,0,1
0.581448417121391,2,0,0.25,-0.19,1,1,0,0.25,-0.19,28,0.03,1,1,NaN,0.22,-0.22,0,1
1.05289307965225,1,-0.2,0,-0.36,1,0,0,-0.36,-0.36,28,-0.18,0,NaN,NaN,-0.18,-0.18,1,1
-1.17247105109293,1,0.25,0.62,0,1,0,1,0,0.62,28,0.31,1,NaN,1,-0.31,0.31,1,1
0.411949288221842,1,0.2,1,0,1,1,1,1,1,28,0.5,0,0,0,0.5,0.5,1,1
-0.221818847504068,1,0,0.55,-0.11,1,0,0,-0.11,-0.11,28,0.22,0,NaN,NaN,-0.33,-0.33,1,1
0.728833356084797,2,0,0.15,-0.05,1,0,1,-0.05,0.15,28,0.05,1,NaN,1,-0.1,0.1,0,1
-1.17247105109293,2,-0.2,0,-0.36,1,0,0,-0.36,-0.36,28,-0.18,0,NaN,NaN,-0.18,-0.18,0,1
-0.855586983229979,1,0,0.25,-0.22,1,1,0,0.25,-0.22,28,0.015,1,1,NaN,0.235,-0.235,1,1
-1.48935511895589,1,-0.2,0,-0.36,1,0,1,-0.36,0,28,-0.18,1,NaN,1,-0.18,0.18,1,1
0.411949288221842,2,0.3,0.95,0,1,1,1,0.95,0.95,28,0.475,0,0,0,0.475,0.475,0,1
1.67948555967366,1,0,0.15,-0.05,1,0,0,-0.05,-0.05,28,0.05,0,NaN,NaN,-0.1,-0.1,1,1
1.36260149181071,2,0,0.55,-0.19,1,0,1,-0.19,0.55,28,0.18,1,NaN,1,-0.37,0.37,0,1
-0.855586983229979,1,0.3,0.84,0,1,0,0,0,0,28,0.42,0,NaN,NaN,-0.42,-0.42,1,1
0.411949288221842,1,0.3,0.84,0,1,1,0,0.84,0,28,0.42,1,1,NaN,0.42,-0.42,1,1
0.411949288221842,2,0.25,0.62,0,1,0,1,0,0.62,28,0.31,1,NaN,1,-0.31,0.31,0,1
0.618145037622586,2,0.25,0.79,0,1,0,0,0,0,29,0.395,0,NaN,NaN,-0.395,-0.395,0,1
1.18999727507079,1,0.1,0.2,0,1,1,1,0.2,0.2,29,0.1,0,0,0,0.1,0.1,1,1
0.127985976952694,1,0.2,1,0,1,1,0,1,0,29,0.5,1,1,NaN,0.5,-0.5,1,1
-0.198786730160567,2,0,0.55,-0.49,1,1,1,0.55,0.55,29,0.03,0,0,0,0.52,0.52,0,1
1.18999727507079,2,0.3,1.5,0,1,1,1,1.5,1.5,29,0.75,0,0,0,0.75,0.75,0,1
1.18999727507079,1,0.2,0.5,0,1,1,1,0.5,0.5,29,0.25,0,0,0,0.25,0.25,1,1
-0.198786730160567,2,0.25,0.9,0,1,1,0,0.9,0,29,0.45,1,1,NaN,0.45,-0.45,0,1
0.291372330509325,2,0.2,0.56,0,1,0,0,0,0,29,0.28,0,NaN,NaN,-0.28,-0.28,0,1
-0.402963649151115,1,0.15,0.75,0,1,0,0,0,0,29,0.375,0,NaN,NaN,-0.375,-0.375,1,1
0.772346994206304,1,0.15,0.63,0,1,0,1,0,0.63,29,0.315,1,NaN,1,-0.315,0.315,1,1
0.604445473726672,2,0,0.75,-0.26,1,0,0,-0.26,-0.26,29,0.245,0,NaN,NaN,-0.505,-0.505,0,1
0.604445473726672,2,0,0.55,-0.19,1,0,0,-0.19,-0.19,29,0.18,0,NaN,NaN,-0.37,-0.37,0,1
1.61185459660446,2,0.15,0.37,0,1,1,1,0.37,0.37,29,0.185,0,0,0,0.185,0.185,0,1
-0.570865169630746,1,0.1,0.5,0,1,0,1,0,0.5,29,0.25,1,NaN,1,-0.25,0.25,1,1
-0.402963649151115,1,0.1,0.25,0,1,0,0,0,0,29,0.125,0,NaN,NaN,-0.125,-0.125,1,1
1.10815003516557,2,0.15,0.54,0,1,1,0,0.54,0,29,0.27,1,1,NaN,0.27,-0.27,0,1
-1.99802809370761,2,0,0.75,-0.67,1,0,1,-0.67,0.75,29,0.04,1,NaN,1,-0.71,0.71,0,1
-0.570865169630746,2,-0.1,0,-0.18,1,1,0,0,-0.18,29,-0.09,1,1,NaN,0.09,-0.09,0,1
-0.235062128671484,2,0,0.15,-0.05,1,0,1,-0.05,0.15,29,0.05,1,NaN,1,-0.1,0.1,0,1
1.75252904316186,1,0.3,1.08,0,1,1,1,1.08,1.08,29,0.54,0,0,0,0.54,0.54,1,1
-1.26988067031247,2,0.2,0.84,0,1,0,1,0,0.84,29,0.42,1,NaN,1,-0.42,0.42,0,1
0.417045681394132,2,0,0.25,-0.09,1,1,1,0.25,0.25,29,0.08,0,0,0,0.17,0.17,0,1
-0.00468590653251832,2,-0.2,0,-0.34,1,1,1,0,0,29,-0.17,0,0,0,0.17,0.17,0,1
-0.00468590653251832,1,0.2,0.84,0,1,1,0,0.84,0,29,0.42,1,1,NaN,0.42,-0.42,1,1
-0.566994690434718,1,0,0.4,-0.2,1,0,0,-0.2,-0.2,29,0.1,0,NaN,NaN,-0.3,-0.3,1,1
-0.566994690434718,2,0,0.75,-0.48,1,1,0,0.75,-0.48,29,0.135,1,1,NaN,0.615,-0.615,0,1
0.838777269320781,2,0.15,0.63,0,1,0,0,0,0,29,0.315,0,NaN,NaN,-0.315,-0.315,0,1
1.26050885724743,1,0,0.25,-0.16,1,1,1,0.25,0.25,29,0.045,0,0,0,0.205,0.205,1,1
-0.707571886410268,2,0.25,0.7,0,1,0,1,0,0.7,29,0.35,1,NaN,1,-0.35,0.35,0,1
0.54906090298846,1,-0.25,0,-0.62,1,1,0,0,-0.62,30,-0.31,1,1,NaN,0.31,-0.31,1,1
0.320285526743268,2,-0.1,0,-0.18,1,1,0,0,-0.18,30,-0.09,1,1,NaN,0.09,-0.09,0,1
-1.81495131821185,1,-0.15,0,-0.27,1,0,0,-0.27,-0.27,30,-0.135,0,NaN,NaN,-0.135,-0.135,1,1
-0.594815978237498,1,0,0.25,-0.25,1,0,1,-0.25,0.25,30,0,1,NaN,1,-0.25,0.25,1,1
-0.289782143243909,2,0,0.55,-0.35,1,0,1,-0.35,0.55,30,0.1,1,NaN,1,-0.45,0.45,0,1
0.320285526743268,2,0.3,1.08,0,1,0,0,0,0,30,0.54,0,NaN,NaN,-0.54,-0.54,0,1
0.320285526743268,2,0,0.25,-0.22,1,0,1,-0.22,0.25,30,0.015,1,NaN,1,-0.235,0.235,0,1
-0.442299060740704,1,0.15,0.54,0,1,1,0,0.54,0,30,0.27,1,1,NaN,0.27,-0.27,1,1
0.320285526743268,2,0.3,1.26,0,1,0,1,0,1.26,30,0.63,1,NaN,1,-0.63,0.63,0,1
1.46416240796923,1,0,0.25,-0.09,1,1,1,0.25,0.25,30,0.08,0,0,0,0.17,0.17,1,1
-1.96746823570865,1,-0.25,0,-0.46,1,0,0,-0.46,-0.46,30,-0.23,0,NaN,NaN,-0.23,-0.23,1,1
1.23538703172403,1,0.25,0.46,0,1,1,1,0.46,0.46,30,0.23,0,0,0,0.23,0.23,1,1
-1.9991531900314,1,-0.25,0,-0.7,1,1,0,0,-0.7,30,-0.35,1,1,NaN,0.35,-0.35,1,1
-0.367191402250665,1,-0.1,0,-0.18,1,1,1,0,0,30,-0.09,0,0,0,0.09,0.09,1,1
1.67276083247525,1,0,0.25,-0.09,1,1,1,0.25,0.25,30,0.08,0,0,0,0.17,0.17,1,1
1.26477038553007,1,0.15,0.63,0,1,0,1,0,0.63,30,0.315,1,NaN,1,-0.315,0.315,1,1
0.285593312861628,1,0.2,0.84,0,1,0,0,0,0,30,0.42,0,NaN,NaN,-0.42,-0.42,1,1
0.448789491639702,2,0.25,0.56,0,1,0,1,0,0.56,30,0.28,1,NaN,1,-0.28,0.28,0,1
0.611985670417775,2,0,0.75,-0.58,1,0,0,-0.58,-0.58,30,0.085,0,NaN,NaN,-0.665,-0.665,0,1
-0.530387581028739,1,0,0.25,-0.16,1,0,0,-0.16,-0.16,30,0.045,0,NaN,NaN,-0.205,-0.205,1,1
-0.367191402250665,2,-0.15,0,-0.25,1,1,1,0,0,30,-0.125,0,0,0,0.125,0.125,0,1
0.122397134083555,2,0,0.15,-0.1,1,0,0,-0.1,-0.1,30,0.025,0,NaN,NaN,-0.125,-0.125,0,1
-0.679237540455205,2,0,0.4,-0.31,1,0,1,-0.31,0.4,30,0.045,1,NaN,1,-0.355,0.355,0,1
0.0485169671753716,2,0.15,0.75,0,1,0,0,0,0,30,0.375,0,NaN,NaN,-0.375,-0.375,0,1
1.50402598243653,1,0.1,0.28,0,1,0,1,0,0.28,30,0.14,1,NaN,1,-0.14,0.14,1,1
0.776271474805948,2,0,0.4,-0.08,1,1,1,0.4,0.4,30,0.16,0,0,0,0.24,0.24,0,1
-1.8921617198395,2,0,0.25,-0.13,1,1,0,0.25,-0.13,30,0.06,1,1,NaN,0.19,-0.19,0,1
1.01885631068281,2,0.25,0.7,0,1,1,1,0.7,0.7,30,0.35,0,0,0,0.35,0.35,0,1
0.427818999758645,2,0,0.15,-0.03,1,1,0,0.15,-0.03,31,0.06,1,1,NaN,0.09,-0.09,0,1
-1.74140409760913,1,-0.15,0,-0.27,1,1,0,0,-0.27,31,-0.135,1,1,NaN,0.135,-0.135,1,1
-2.73563135056936,1,-0.25,0,-0.79,1,0,0,-0.79,-0.79,31,-0.395,0,NaN,NaN,-0.395,-0.395,1,1
0.970124774100589,2,0.2,0.56,0,1,0,1,0,0.56,31,0.28,1,NaN,1,-0.28,0.28,0,1
0.789356182653274,1,-0.3,0,-0.55,1,0,1,-0.55,0,31,-0.275,1,NaN,1,-0.275,0.275,1,1
0.608587591205959,2,0.25,0.79,0,1,1,0,0.79,0,31,0.395,1,1,NaN,0.395,-0.395,0,1
0.24705040831133,1,0.25,0.56,0,1,1,0,0.56,0,31,0.28,1,1,NaN,0.28,-0.28,1,1
0.24705040831133,1,-0.15,0,-0.3,1,1,1,0,0,31,-0.15,0,0,0,0.15,0.15,1,1
-0.476023957477928,2,0,0.25,-0.09,1,0,1,-0.09,0.25,31,0.08,1,NaN,1,-0.17,0.17,0,1
-1.74140409760913,2,0,0.15,-0.05,1,1,0,0.15,-0.05,31,0.05,1,1,NaN,0.1,-0.1,0,1
-0.476023957477928,2,0.2,0.44,0,1,0,0,0,0,31,0.22,0,NaN,NaN,-0.22,-0.22,0,1
0.970124774100589,2,0.15,0.42,0,1,1,1,0.42,0.42,31,0.21,0,0,0,0.21,0.21,0,1
-0.476023957477928,2,0.15,0.54,0,1,0,1,0,0.54,31,0.27,1,NaN,1,-0.27,0.27,0,1
0.608587591205959,2,0,0.25,-0.13,1,1,1,0.25,0.25,31,0.06,0,0,0,0.19,0.19,0,1
1.7835834356135,1,0,0.4,-0.2,1,0,1,-0.2,0.4,31,0.1,1,NaN,1,-0.3,0.3,1,1
-0.775211787226336,1,0.2,0.84,0,1,0,0,0,0,31,0.42,0,NaN,NaN,-0.42,-0.42,1,1
0.895903442722652,1,0,0.4,-0.4,1,1,1,0.4,0.4,31,0,0,0,0,0.4,0.4,1,1
0.617384237731154,2,-0.15,0,-0.25,1,0,1,-0.25,0,31,-0.125,1,NaN,1,-0.125,0.125,0,1
-0.775211787226336,2,0,0.4,-0.26,1,1,0,0.4,-0.26,31,0.07,1,1,NaN,0.33,-0.33,0,1
-3.00336542715832,1,0,0.25,-0.25,1,0,0,-0.25,-0.25,31,0,0,NaN,NaN,-0.25,-0.25,1,1
0.338865032739656,1,0.1,0.36,0,1,1,1,0.36,0.36,31,0.18,0,0,0,0.18,0.18,1,1
1.17442264771415,2,0,0.75,-0.15,1,0,1,-0.15,0.75,31,0.3,1,NaN,1,-0.45,0.45,0,1
1.17442264771415,1,0.1,0.28,0,1,1,1,0.28,0.28,31,0.14,0,0,0,0.14,0.14,1,1
-0.775211787226336,2,-0.25,0,-0.42,1,0,1,-0.42,0,31,-0.21,1,NaN,1,-0.21,0.21,0,1
0.617384237731154,2,0.3,1.08,0,1,0,0,0,0,31,0.54,0,NaN,NaN,-0.54,-0.54,0,1
0.549621081594704,1,0,0.55,-0.19,1,1,1,0.55,0.55,31,0.18,0,0,0,0.37,0.37,1,1
0.137405270398676,2,0,0.4,-0.08,1,0,1,-0.08,0.4,31,0.16,1,NaN,1,-0.24,0.24,0,1
0.137405270398676,1,0,0.4,-0.14,1,1,0,0.4,-0.14,31,0.13,1,1,NaN,0.27,-0.27,1,1
0.961836892790733,2,0,0.25,-0.19,1,1,0,0.25,-0.19,31,0.03,1,1,NaN,0.22,-0.22,0,1
0.137405270398676,1,0.3,1.08,0,1,1,0,1.08,0,31,0.54,1,1,NaN,0.54,-0.54,1,1
0.137405270398676,1,0.25,0.79,0,1,1,0,0.79,0,31,0.395,1,1,NaN,0.395,-0.395,1,1
0.137405270398676,1,0,0.25,-0.05,1,0,1,-0.05,0.25,31,0.1,1,NaN,1,-0.15,0.15,1,1
-0.687026351993382,2,0.3,1.5,0,1,0,0,0,0,31,0.75,0,NaN,NaN,-0.75,-0.75,0,1
-1.92367378558147,1,-0.3,0,-0.5,1,1,0,0,-0.5,31,-0.25,1,1,NaN,0.25,-0.25,1,1
-1.51145797438544,1,0,0.55,-0.19,1,0,1,-0.19,0.55,31,0.18,1,NaN,1,-0.37,0.37,1,1
-0.693813028285448,2,0.25,0.7,0,1,0,1,0,0.7,32,0.35,1,NaN,1,-0.35,0.35,0,1
-0.863035718111167,1,0,0.25,-0.19,1,1,0,0.25,-0.19,32,0.03,1,1,NaN,0.22,-0.22,1,1
-0.524590338459729,1,0,0.4,-0.26,1,1,0,0.4,-0.26,32,0.07,1,1,NaN,0.33,-0.33,1,1
0.490745800494585,2,0,0.15,-0.12,1,0,1,-0.12,0.15,32,0.015,1,NaN,1,-0.135,0.135,0,1
0.490745800494585,1,0.3,0.95,0,1,0,1,0,0.95,32,0.475,1,NaN,1,-0.475,0.475,1,1
2.01375000892606,2,0,0.55,-0.49,1,1,1,0.55,0.55,32,0.03,0,0,0,0.52,0.52,0,1
-0.863035718111167,2,-0.15,0,-0.27,1,0,0,-0.27,-0.27,32,-0.135,0,NaN,NaN,-0.135,-0.135,0,1
-0.524590338459729,2,-0.25,0,-0.42,1,1,1,0,0,32,-0.21,0,0,0,0.21,0.21,0,1
0.321523110668866,1,0.25,0.7,0,1,0,1,0,0.7,32,0.35,1,NaN,1,-0.35,0.35,1,1
0.490745800494585,2,0.2,0.56,0,1,0,1,0,0.56,32,0.28,1,NaN,1,-0.28,0.28,0,1
-0.693813028285448,1,0.3,0.5,0,1,1,0,0.5,0,32,0.25,1,1,NaN,0.25,-0.25,1,1
-1.37070378758832,1,0,0.25,-0.16,1,0,0,-0.16,-0.16,32,0.045,0,NaN,NaN,-0.205,-0.205,1,1
1.33685924962318,2,0,0.4,-0.36,1,1,1,0.4,0.4,32,0.02,0,0,0,0.38,0.38,0,1
0.321523110668866,1,0.1,0.5,0,1,0,1,0,0.5,32,0.25,1,NaN,1,-0.25,0.25,1,1
1.75048080069267,1,-0.25,0,-0.9,1,1,1,0,0,32,-0.45,0,0,0,0.45,0.45,1,1
-1.57848427193999,2,0.25,1.25,0,1,0,0,0,0,32,0.625,0,NaN,NaN,-0.625,-0.625,0,1
-0.413346496518555,1,-0.15,0,-0.33,1,0,1,-0.33,0,32,-0.165,1,NaN,1,-0.165,0.165,1,1
-0.579794750150188,1,-0.15,0,-0.37,1,1,0,0,-0.37,32,-0.185,1,1,NaN,0.185,-0.185,1,1
0.252446518007977,1,0,0.75,-0.15,1,0,1,-0.15,0.75,32,0.3,1,NaN,1,-0.45,0.45,1,1
0.0859982643763439,1,0,0.55,-1.1,1,0,1,-1.1,0.55,32,-0.275,1,NaN,1,-0.825,0.825,1,1
0.0859982643763439,2,0.1,0.42,0,1,0,0,0,0,32,0.21,0,NaN,NaN,-0.21,-0.21,0,1
0.252446518007977,1,0,0.75,-0.83,1,0,1,-0.83,0.75,32,-0.04,1,NaN,1,-0.79,0.79,1,1
-0.579794750150188,1,0,0.75,-1.01,1,1,0,0.75,-1.01,32,-0.13,1,1,NaN,0.88,-0.88,1,1
0.751791278902876,1,0.2,0.84,0,1,0,1,0,0.84,32,0.42,1,NaN,1,-0.42,0.42,1,1
-0.130656622586047,1,-0.25,0,-0.62,1,1,0,0,-0.62,32,-0.31,1,1,NaN,0.31,-0.31,1,1
0.924646867532027,1,-0.15,0,-0.3,1,0,1,-0.3,0,32,-0.15,1,NaN,1,-0.15,0.15,1,1
-1.03520247125868,2,0,0.15,-0.12,1,0,0,-0.12,-0.12,32,0.015,0,NaN,NaN,-0.135,-0.135,0,1
1.22616215042291,1,0,0.25,-0.05,1,1,1,0.25,0.25,32,0.1,0,0,0,0.15,0.15,1,1
0.623131584641148,1,0.3,0.84,0,1,1,0,0.84,0,32,0.42,1,1,NaN,0.42,-0.42,1,1
-0.281414264031487,2,0.3,1.08,0,1,1,0,1.08,0,32,0.54,1,1,NaN,0.54,-0.54,0,1
-0.432171905476926,1,0.25,0.56,0,1,0,0,0,0,32,0.28,0,NaN,NaN,-0.28,-0.28,1,1
0.32161630175027,1,-0.3,0,-0.5,1,0,0,-0.5,-0.5,32,-0.25,0,NaN,NaN,-0.25,-0.25,1,1
0.773889226086588,1,-0.15,0,-0.27,1,0,1,-0.27,0,32,-0.135,1,NaN,1,-0.135,0.135,1,1
2.20608681981826,1,0,0.75,-1.01,1,1,1,0.75,0.75,32,-0.13,0,0,0,0.88,0.88,1,1
-0.432171905476926,1,-0.25,0,-0.56,1,1,0,0,-0.56,32,-0.28,1,1,NaN,0.28,-0.28,1,1
-0.130656622586047,1,-0.15,0,-0.42,1,1,0,0,-0.42,32,-0.21,1,1,NaN,0.21,-0.21,1,1
-0.432171905476926,1,0.1,0.17,0,1,0,0,0,0,32,0.085,0,NaN,NaN,-0.085,-0.085,1,1
1.37691979186834,1,0.1,0.2,0,1,1,1,0.2,0.2,32,0.1,0,0,0,0.1,0.1,1,1
-0.884444829813243,2,-0.3,0,-0.5,1,0,0,-0.5,-0.5,32,-0.25,0,NaN,NaN,-0.25,-0.25,0,1
-1.56285421631772,2,0,0.75,-0.58,1,0,0,-0.58,-0.58,32,0.085,0,NaN,NaN,-0.665,-0.665,0,1
0.924646867532027,2,0.3,1.26,0,1,1,0,1.26,0,32,0.63,1,1,NaN,0.63,-0.63,0,1
-1.71299259691732,2,0.25,0.9,0,1,0,0,0,0,33,0.45,0,NaN,NaN,-0.45,-0.45,0,1
-0.989192908079015,1,0,0.75,-0.15,1,1,0,0.75,-0.15,33,0.3,1,1,NaN,0.45,-0.45,1,1
-0.0241266562946105,1,0.1,0.36,0,1,1,1,0.36,0.36,33,0.18,0,0,0,0.18,0.18,1,1
1.18220615843589,2,-0.3,0,-0.5,1,1,1,0,0,33,-0.25,0,0,0,0.25,0.25,0,1
0.458406469597592,2,0.25,0.56,0,1,1,1,0.56,0.56,33,0.28,0,0,0,0.28,0.28,0,1
0.458406469597592,1,0.25,0.79,0,1,0,1,0,0.79,33,0.395,1,NaN,1,-0.395,0.395,1,1
0.217139906651491,2,0,0.55,-0.35,1,0,1,-0.35,0.55,33,0.1,1,NaN,1,-0.45,0.45,0,1
-0.0241266562946105,2,0.15,0.54,0,1,1,0,0.54,0,33,0.27,1,1,NaN,0.27,-0.27,0,1
2.02663912874725,2,0.3,1.5,0,1,1,0,1.5,0,33,0.75,1,1,NaN,0.75,-0.75,0,1
0.0297029200942187,1,0,0.15,-0.15,1,1,1,0.15,0.15,33,0,0,0,0,0.15,0.15,1,1
1.21781972386295,2,0.2,0.63,0,1,0,0,0,0,33,0.315,0,NaN,NaN,-0.315,-0.315,0,1
0.920790522920768,2,0.15,0.47,0,1,0,0,0,0,33,0.235,0,NaN,NaN,-0.235,-0.235,0,1
0.623761321978585,1,0.15,0.42,0,1,1,0,0.42,0,33,0.21,1,1,NaN,0.21,-0.21,1,1
0.623761321978585,2,0.25,0.62,0,1,0,1,0,0.62,33,0.31,1,NaN,1,-0.31,0.31,0,1
0.0297029200942187,1,0,0.25,-0.05,1,0,0,-0.05,-0.05,33,0.1,0,NaN,NaN,-0.15,-0.15,1,1
-1.15841388367451,2,0,0.25,-0.16,1,0,1,-0.16,0.25,33,0.045,1,NaN,1,-0.205,0.205,0,1
-0.564355481790147,1,0.1,0.2,0,1,0,0,0,0,33,0.1,0,NaN,NaN,-0.1,-0.1,1,1
-1.15841388367451,2,0,0.15,-0.08,1,0,1,-0.08,0.15,33,0.035,1,NaN,1,-0.115,0.115,0,1
2.99064218689707,1,0.2,0.56,0,1,1,1,0.56,0.56,33,0.28,0,0,0,0.28,0.28,1,1
-0.460098797984164,2,0,0.75,-0.15,1,0,0,-0.15,-0.15,33,0.3,0,NaN,NaN,-0.45,-0.45,0,1
-0.460098797984164,2,0.15,0.37,0,1,0,1,0,0.37,33,0.185,1,NaN,1,-0.185,0.185,0,1
0.402586448236144,2,0.1,0.28,0,1,1,1,0.28,0.28,33,0.14,0,0,0,0.14,0.14,0,1
2.12795694067676,2,0.15,0.33,0,1,1,0,0.33,0,33,0.165,1,1,NaN,0.165,-0.165,0,1
-0.460098797984164,2,0.25,1.05,0,1,0,1,0,1.05,33,0.525,1,NaN,1,-0.525,0.525,0,1
-0.460098797984164,1,-0.3,0,-0.74,1,1,0,0,-0.74,33,-0.37,1,1,NaN,0.37,-0.37,1,1
-0.460098797984164,2,0.15,0.47,0,1,0,0,0,0,33,0.235,0,NaN,NaN,-0.235,-0.235,0,1
0.096617260125735,2,0,0.15,-0.13,1,1,0,0.15,-0.13,34,0.01,1,1,NaN,0.14,-0.14,0,1
-0.103280519444751,2,0.1,0.5,0,1,1,1,0.5,0.5,34,0.25,0,0,0,0.25,0.25,0,1
2.49539061497157,1,0,0.4,-0.2,1,1,1,0.4,0.4,34,0.1,0,0,0,0.3,0.3,1,1
-0.103280519444751,2,0,0.75,-0.26,1,0,0,-0.26,-0.26,34,0.245,0,NaN,NaN,-0.505,-0.505,0,1
0.096617260125735,2,0.15,0.75,0,1,1,1,0.75,0.75,34,0.375,0,0,0,0.375,0.375,0,1
1.49590171711914,1,0,0.75,-0.26,1,1,0,0.75,-0.26,34,0.245,1,1,NaN,0.505,-0.505,1,1
-0.103280519444751,2,0.1,0.42,0,1,1,1,0.42,0.42,34,0.21,0,0,0,0.21,0.21,0,1
-0.303178299015237,1,0.15,0.54,0,1,0,1,0,0.54,34,0.27,1,NaN,1,-0.27,0.27,1,1
-1.00282052751194,2,0.25,1.25,0,1,1,1,1.25,1.25,34,0.625,0,0,0,0.625,0.625,0,1
-0.70297385815621,2,0.15,0.37,0,1,0,1,0,0.37,34,0.185,1,NaN,1,-0.185,0.185,0,1
0.119363335609745,1,0.25,0.7,0,1,1,0,0.7,0,34,0.35,1,1,NaN,0.35,-0.35,1,1
-1.22347418999988,1,0.15,0.54,0,1,1,1,0.54,0.54,34,0.27,0,0,0,0.27,0.27,1,1
-1.22347418999988,2,0.1,0.32,0,1,0,1,0,0.32,34,0.16,1,NaN,1,-0.16,0.16,0,1
-1.22347418999988,1,0.1,0.32,0,1,1,1,0.32,0.32,34,0.16,0,0,0,0.16,0.16,1,1
-0.552055427195069,1,0.3,1.26,0,1,1,0,1.26,0,34,0.63,1,1,NaN,0.63,-0.63,1,1
-1.22347418999988,1,-0.2,0,-0.36,1,1,0,0,-0.36,34,-0.18,1,1,NaN,0.18,-0.18,1,1
0.455072717012152,2,0,0.25,-0.22,1,0,1,-0.22,0.25,34,0.015,1,NaN,1,-0.235,0.235,0,1
0.00746020847560902,1,0.15,0.75,0,1,0,0,0,0,34,0.375,0,NaN,NaN,-0.375,-0.375,1,1
-0.216346045792662,2,0.3,0.67,0,1,1,0,0.67,0,34,0.335,1,1,NaN,0.335,-0.335,0,1
2.69313525969486,2,0,0.15,-0.03,1,1,0,0.15,-0.03,34,0.06,1,1,NaN,0.09,-0.09,0,1
0.23126646274388,1,-0.1,0,-0.18,1,1,0,0,-0.18,34,-0.09,1,1,NaN,0.09,-0.09,1,1
-0.216346045792662,1,0.2,0.72,0,1,1,1,0.72,0.72,34,0.36,0,0,0,0.36,0.36,1,1
1.57410398835351,2,0.15,0.33,0,1,1,1,0.33,0.33,34,0.165,0,0,0,0.165,0.165,0,1
-0.216346045792662,2,0.3,1.5,0,1,0,1,0,1.5,34,0.75,1,NaN,1,-0.75,0.75,0,1
-0.389325306583721,2,0,0.4,-0.08,1,0,0,-0.08,-0.08,34,0.16,0,NaN,NaN,-0.24,-0.24,0,1
-0.389325306583721,2,0.1,0.32,0,1,1,1,0.32,0.32,34,0.16,0,0,0,0.16,0.16,0,1
-0.389325306583721,1,0.25,0.9,0,1,0,0,0,0,34,0.45,0,NaN,NaN,-0.45,-0.45,1,1
-0.389325306583721,1,0.25,0.56,0,1,0,0,0,0,34,0.28,0,NaN,NaN,-0.28,-0.28,1,1
-0.389325306583721,2,-0.25,0,-0.42,1,1,1,0,0,34,-0.21,0,0,0,0.21,0.21,0,1
-0.389325306583721,1,0.15,0.75,0,1,0,0,0,0,34,0.375,0,NaN,NaN,-0.375,-0.375,1,1
-0.389325306583721,1,0,0.25,-0.09,1,1,1,0.25,0.25,34,0.08,0,0,0,0.17,0.17,1,1
-0.389325306583721,2,0,0.75,-0.48,1,1,1,0.75,0.75,34,0.135,0,0,0,0.615,0.615,0,1
-0.389325306583721,2,0,0.55,-0.28,1,0,0,-0.28,-0.28,34,0.135,0,NaN,NaN,-0.415,-0.415,0,1
0.236760816431018,1,-0.1,0,-0.17,1,0,0,-0.17,-0.17,35,-0.085,0,NaN,NaN,-0.085,-0.085,1,1
-0.124399751006129,2,0.15,0.37,0,1,1,1,0.37,0.37,35,0.185,0,0,0,0.185,0.185,0,1
-3.01368429050331,1,-0.25,0,-0.42,1,1,0,0,-0.42,35,-0.21,1,1,NaN,0.21,-0.21,1,1
1.07946880711769,2,0.1,0.28,0,1,1,1,0.28,0.28,35,0.14,0,0,0,0.14,0.14,0,1
0.83869509549293,2,0,0.25,-0.09,1,1,0,0.25,-0.09,35,0.08,1,1,NaN,0.17,-0.17,0,1
0.597921383868166,1,0.2,0.56,0,1,1,1,0.56,0.56,35,0.28,0,0,0,0.28,0.28,1,1
-2.05058944400425,1,-0.15,0,-0.25,1,1,0,0,-0.25,35,-0.125,1,1,NaN,0.125,-0.125,1,1
1.07946880711769,2,0.1,0.42,0,1,1,1,0.42,0.42,35,0.21,0,0,0,0.21,0.21,0,1
-1.91614180114434,1,0.25,0.7,0,1,0,0,0,0,35,0.35,0,NaN,NaN,-0.35,-0.35,1,1
-0.42304429375914,2,0,0.15,-0.1,1,1,0,0.15,-0.1,35,0.025,1,1,NaN,0.125,-0.125,0,1
-0.42304429375914,2,0,0.4,-0.2,1,0,1,-0.2,0.4,35,0.1,1,NaN,1,-0.3,0.3,0,1
1.07005321362606,1,-0.3,0,-0.5,1,1,1,0,0,35,-0.25,0,0,0,0.25,0.25,1,1
-0.42304429375914,2,0.15,0.63,0,1,1,0,0.63,0,35,0.315,1,1,NaN,0.315,-0.315,0,1
-1.91614180114434,1,-0.25,0,-0.46,1,0,0,-0.46,-0.46,35,-0.23,0,NaN,NaN,-0.23,-0.23,1,1
-0.42304429375914,1,0.15,0.47,0,1,0,1,0,0.47,35,0.235,1,NaN,1,-0.235,0.235,1,1
0.57235404449766,1,-0.3,0,-0.6,1,1,1,0,0,35,-0.3,0,0,0,0.3,0.3,1,1
-0.42304429375914,2,0,0.4,-0.14,1,1,0,0.4,-0.14,35,0.13,1,1,NaN,0.27,-0.27,0,1
-0.92074346288754,2,0,0.25,-0.16,1,0,1,-0.16,0.25,35,0.045,1,NaN,1,-0.205,0.205,0,1
-0.42304429375914,2,0.2,0.63,0,1,0,1,0,0.63,35,0.315,1,NaN,1,-0.315,0.315,0,1
1.56775238275446,2,0,0.25,-0.09,1,1,1,0.25,0.25,35,0.08,0,0,0,0.17,0.17,0,1
0.32350445993346,1,0.15,0.63,0,1,0,1,0,0.63,35,0.315,1,NaN,1,-0.315,0.315,1,1
0.510157806291304,1,0.15,0.75,0,1,0,1,0,0.75,35,0.375,1,NaN,1,-0.375,0.375,1,1
0.69910514195475,2,0.1,0.36,0,1,1,1,0.36,0.36,35,0.18,0,0,0,0.18,0.18,0,1
0.888052477618196,2,0.2,0.63,0,1,0,0,0,0,35,0.315,0,NaN,NaN,-0.315,-0.315,0,1
0.132263134964412,2,0.3,1.5,0,1,0,1,0,1.5,35,0.75,1,NaN,1,-0.75,0.75,0,1
-0.0566842006990339,2,0.25,0.9,0,1,0,1,0,0.9,35,0.45,1,NaN,1,-0.45,0.45,0,1
-0.24563153636248,1,0,0.25,-0.16,1,1,0,0.25,-0.16,35,0.045,1,1,NaN,0.205,-0.205,1,1
0.510157806291304,1,0,0.75,-0.58,1,1,1,0.75,0.75,35,0.085,0,0,0,0.665,0.665,1,1
-2.32405222866038,1,-0.2,0,-0.34,1,0,0,-0.34,-0.34,35,-0.17,0,NaN,NaN,-0.17,-0.17,1,1
-2.13510489299694,1,0,0.15,-0.1,1,0,0,-0.1,-0.1,35,0.025,0,NaN,NaN,-0.125,-0.125,1,1
-0.0566842006990339,2,0.15,0.75,0,1,1,0,0.75,0,35,0.375,1,1,NaN,0.375,-0.375,0,1
-1.1444349091779,1,-0.15,0,-0.75,1,0,0,-0.75,-0.75,36,-0.375,0,NaN,NaN,-0.375,-0.375,1,1
-0.804503748035947,1,0.2,0.63,0,1,0,0,0,0,36,0.315,0,NaN,NaN,-0.315,-0.315,1,1
1.77897307664287,2,0.1,0.36,0,1,1,1,0.36,0.36,36,0.18,0,0,0,0.18,0.18,0,1
2.2548767022416,1,0,0.55,-0.49,1,1,1,0.55,0.55,36,0.03,0,0,0,0.52,0.52,1,1
-0.532558819122388,1,0,0.25,-0.28,1,0,0,-0.28,-0.28,36,-0.015,0,NaN,NaN,-0.265,-0.265,1,1
-0.396586354665608,2,0,0.15,-0.03,1,1,1,0.15,0.15,36,0.06,0,0,0,0.09,0.09,0,1
-0.260613890208828,2,0.1,0.28,0,1,0,0,0,0,36,0.14,0,NaN,NaN,-0.14,-0.14,0,1
1.37105568327253,2,0.3,1.08,0,1,1,1,1.08,1.08,36,0.54,0,0,0,0.54,0.54,0,1
1.43904191550092,2,0,0.4,-0.08,1,1,0,0.4,-0.08,36,0.16,1,1,NaN,0.24,-0.24,0,1
-0.532558819122388,2,-0.3,0,-0.5,1,0,1,-0.5,0,36,-0.25,1,NaN,1,-0.25,0.25,0,1
0.555220896531851,2,0,0.15,-0.12,1,1,1,0.15,0.15,36,0.015,0,0,0,0.135,0.135,0,1
0.555220896531851,1,0,0.25,-0.09,1,1,0,0.25,-0.09,36,0.08,1,1,NaN,0.17,-0.17,1,1
-0.192627657980438,1,-0.1,0,-0.2,1,1,0,0,-0.2,36,-0.1,1,1,NaN,0.1,-0.1,1,1
-1.1444349091779,2,0,0.75,-0.48,1,0,0,-0.48,-0.48,36,0.135,0,NaN,NaN,-0.615,-0.615,0,1
1.03112452213058,2,0.15,0.33,0,1,1,0,0.33,0,36,0.165,1,1,NaN,0.165,-0.165,0,1
-1.00878760218368,1,-0.2,0,-0.34,1,0,1,-0.34,0,36,-0.17,1,NaN,1,-0.17,0.17,1,1
-1.00878760218368,1,-0.15,0,-0.42,1,1,1,0,0,36,-0.21,0,0,0,0.21,0.21,1,1
0.702956066680029,2,0,0.55,-0.49,1,1,1,0.55,0.55,36,0.03,0,0,0,0.52,0.52,0,1
-1.00878760218368,1,0.25,1.25,0,1,0,1,0,1.25,36,0.625,1,NaN,1,-0.625,0.625,1,1
-0.11868089437455,1,0.1,0.36,0,1,0,0,0,0,36,0.18,0,NaN,NaN,-0.18,-0.18,1,1
0.0182585991345463,2,0,0.75,-0.48,1,1,0,0.75,-0.48,36,0.135,1,1,NaN,0.615,-0.615,0,1
0.702956066680029,2,0.2,0.5,0,1,1,1,0.5,0.5,36,0.25,0,0,0,0.25,0.25,0,1
-1.00878760218368,2,-0.3,0,-0.55,1,0,1,-0.55,0,36,-0.275,1,NaN,1,-0.275,0.275,0,1
2.41469973554374,2,0.25,1.05,0,1,1,0,1.05,0,36,0.525,1,1,NaN,0.525,-0.525,0,1
2.41469973554374,2,0,0.25,-0.05,1,1,1,0.25,0.25,36,0.1,0,0,0,0.15,0.15,0,1
0.702956066680029,2,0,0.15,-0.12,1,1,0,0.15,-0.12,36,0.015,1,1,NaN,0.135,-0.135,0,1
-0.52949937490184,2,0,0.55,-0.49,1,0,0,-0.49,-0.49,36,0.03,0,NaN,NaN,-0.52,-0.52,0,1
0.292137586152739,2,-0.1,0,-0.18,1,0,0,-0.18,-0.18,36,-0.09,0,NaN,NaN,-0.09,-0.09,0,1
-0.94031785542913,1,-0.2,0,-0.36,1,0,0,-0.36,-0.36,36,-0.18,0,NaN,NaN,-0.18,-0.18,1,1
-0.550569806003466,2,0.3,1.08,0,1,0,1,0,1.08,36,0.54,1,NaN,1,-0.54,0.54,0,1
-1.32329935828903,1,0.3,1.26,0,1,0,0,0,0,36,0.63,0,NaN,NaN,-0.63,-0.63,1,1
0.801706910496276,2,-0.2,0,-0.34,1,1,0,0,-0.34,36,-0.17,1,1,NaN,0.17,-0.17,0,1
-0.550569806003466,1,0.1,0.18,0,1,0,0,0,0,36,0.09,0,NaN,NaN,-0.09,-0.09,1,1
-1.70966413443182,2,0,0.15,-0.08,1,0,1,-0.08,0.15,36,0.035,1,NaN,1,-0.115,0.115,0,1
-0.164205029860683,2,0.1,0.5,0,1,1,1,0.5,0.5,36,0.25,0,0,0,0.25,0.25,0,1
-1.32329935828903,2,-0.25,0,-0.46,1,0,0,-0.46,-0.46,36,-0.23,0,NaN,NaN,-0.23,-0.23,0,1
0.0289773582107088,2,0.1,0.5,0,1,0,0,0,0,36,0.25,0,NaN,NaN,-0.25,-0.25,0,1
0.415342134353492,1,-0.2,0,-0.44,1,1,0,0,-0.44,36,-0.22,1,1,NaN,0.22,-0.22,1,1
0.377654538989899,1,0.15,0.63,0,1,0,0,0,0,37,0.315,0,NaN,NaN,-0.315,-0.315,1,1
0.0629424231649838,2,0,0.4,-0.26,1,0,0,-0.26,-0.26,37,0.07,0,NaN,NaN,-0.33,-0.33,0,1
-1.8253302717845,2,0.15,0.63,0,1,0,0,0,0,37,0.315,0,NaN,NaN,-0.315,-0.315,0,1
0.0629424231649838,2,0.2,0.63,0,1,1,1,0.63,0.63,37,0.315,0,0,0,0.315,0.315,0,1
0.0629424231649838,1,0.2,0.63,0,1,0,1,0,0.63,37,0.315,1,NaN,1,-0.315,0.315,1,1
0.692366654814813,2,0.3,0.74,0,1,1,0,0.74,0,37,0.37,1,1,NaN,0.37,-0.37,0,1
1.32179088646464,2,0,0.25,-0.16,1,1,0,0.25,-0.16,37,0.045,1,1,NaN,0.205,-0.205,0,1
0.0629424231649838,1,0,0.25,-0.16,1,0,0,-0.16,-0.16,37,0.045,0,NaN,NaN,-0.205,-0.205,1,1
-1.19590604013468,1,-0.3,0,-0.5,1,0,0,-0.5,-0.5,37,-0.25,0,NaN,NaN,-0.25,-0.25,1,1
0.0629424231649838,1,0.25,0.42,0,1,1,1,0.42,0.42,37,0.21,0,0,0,0.21,0.21,1,1
-0.566481808484846,1,-0.2,0,-0.36,1,1,0,0,-0.36,37,-0.18,1,1,NaN,0.18,-0.18,1,1
0.124265681229438,2,0.15,0.37,0,1,1,1,0.37,0.37,37,0.185,0,0,0,0.185,0.185,0,1
0.124265681229438,2,0.1,0.25,0,1,1,0,0.25,0,37,0.125,1,1,NaN,0.125,-0.125,0,1
0.621328406147192,1,-0.1,0,-0.18,1,1,1,0,0,37,-0.09,0,0,0,0.09,0.09,1,1
0.124265681229438,2,0.1,0.28,0,1,1,0,0.28,0,37,0.14,1,1,NaN,0.14,-0.14,0,1
-0.372797043688315,1,0,0.25,-0.05,1,0,1,-0.05,0.25,37,0.1,1,NaN,1,-0.15,0.15,1,1
0.124265681229438,2,0,0.25,-0.19,1,1,1,0.25,0.25,37,0.03,0,0,0,0.22,0.22,0,1
-1.11839113106495,1,0.3,1.26,0,1,0,0,0,0,37,0.63,0,NaN,NaN,-0.63,-0.63,1,1
0.124265681229438,1,0.2,0.84,0,1,1,1,0.84,0.84,37,0.42,0,0,0,0.42,0.42,1,1
0.0989998805174567,2,0.3,1.26,0,1,1,1,1.26,1.26,37,0.63,0,0,0,0.63,0.63,0,1
-1.22099852638198,1,0.1,0.42,0,1,0,1,0,0.42,37,0.21,1,NaN,1,-0.21,0.21,1,1
0.758999083967175,2,0.2,1,0,1,0,0,0,0,37,0.5,0,NaN,NaN,-0.5,-0.5,0,1
0.0989998805174567,1,0.1,0.25,0,1,1,1,0.25,0.25,37,0.125,0,0,0,0.125,0.125,1,1
-0.560999322932261,2,0.2,0.5,0,1,0,0,0,0,37,0.25,0,NaN,NaN,-0.25,-0.25,0,1
0.758999083967175,2,0,0.15,-0.08,1,1,1,0.15,0.15,37,0.035,0,0,0,0.115,0.115,0,1
-0.353370428092721,1,0.1,0.42,0,1,1,0,0.42,0,38,0.21,1,1,NaN,0.21,-0.21,1,1
1.04151284069434,1,0,0.15,-0.17,1,1,1,0.15,0.15,38,-0.01,0,0,0,0.16,0.16,1,1
-1.05081206248625,1,0,0.25,-0.16,1,0,1,-0.16,0.25,38,0.045,1,NaN,1,-0.205,0.205,1,1
-0.911323735607544,1,0,0.75,-0.67,1,0,0,-0.67,-0.67,38,0.04,0,NaN,NaN,-0.71,-0.71,1,1
-2.09697451407654,1,0,0.4,-0.31,1,0,1,-0.31,0.4,38,0.045,1,NaN,1,-0.355,0.355,1,1
1.18100116757304,1,0.25,0.9,0,1,1,1,0.9,0.9,38,0.45,0,0,0,0.45,0.45,1,1
-1.60876537000107,1,0,0.15,-0.13,1,0,1,-0.13,0.15,38,0.01,1,NaN,1,-0.14,0.14,1,1
-0.715845746497719,1,0,0.25,-0.5,1,0,1,-0.5,0.25,38,-0.125,1,NaN,1,-0.375,0.375,1,1
1.88147067884799,2,0.2,0.63,0,1,1,1,0.63,0.63,38,0.315,0,0,0,0.315,0.315,0,1
-0.969242470921691,1,0.15,0.33,0,1,0,1,0,0.33,38,0.165,1,NaN,1,-0.165,0.165,1,1
-0.842544108709705,1,0,0.75,-0.48,1,0,0,-0.48,-0.48,38,0.135,0,NaN,NaN,-0.615,-0.615,1,1
-1.28598837645166,1,0.2,0.56,0,1,0,1,0,0.56,38,0.28,1,NaN,1,-0.28,0.28,1,1
-1.28598837645166,1,0.1,0.32,0,1,0,1,0,0.32,38,0.16,1,NaN,1,-0.16,0.16,1,1
-1.28598837645166,2,0,0.15,-0.03,1,0,1,-0.03,0.15,38,0.06,1,NaN,1,-0.09,0.09,0,1
1.05793132447008,1,0.2,1,0,1,1,1,1,1,38,0.5,0,0,0,0.5,0.5,1,1
-0.462449022073748,2,0,0.55,-0.35,1,0,0,-0.35,-0.35,38,0.1,0,NaN,NaN,-0.45,-0.45,0,1
1.56472477331802,2,-0.25,0,-0.42,1,1,1,0,0,38,-0.21,0,0,0,0.21,0.21,0,1
-1.57758990345693,2,0.1,0.25,0,1,0,0,0,0,38,0.125,0,NaN,NaN,-0.125,-0.125,0,1
0.0927994060857015,1,0.3,1.5,0,1,1,0,1.5,0,38,0.75,1,1,NaN,0.75,-0.75,1,1
1.20639227911412,2,0.1,0.42,0,1,1,0,0.42,0,38,0.21,1,1,NaN,0.21,-0.21,0,1
1.20639227911412,2,0.1,0.32,0,1,1,0,0.32,0,38,0.16,1,1,NaN,0.16,-0.16,0,1
0.927994060857016,1,0,0.75,-0.48,1,1,0,0.75,-0.48,38,0.135,1,1,NaN,0.615,-0.615,1,1
-0.881594357814165,1,0,0.15,-0.05,1,0,1,-0.05,0.15,38,0.05,1,NaN,1,-0.1,0.1,1,1
-0.60319613955706,1,0,0.75,-0.15,1,0,1,-0.15,0.75,38,0.3,1,NaN,1,-0.45,0.45,1,1
1.20639227911412,2,-0.1,0,-0.18,1,1,1,0,0,38,-0.09,0,0,0,0.09,0.09,0,1
0.927994060857016,1,0.3,1.08,0,1,1,0,1.08,0,38,0.54,1,1,NaN,0.54,-0.54,1,1
0.785709389303318,2,-0.15,0,-0.25,1,1,1,0,0,39,-0.125,0,0,0,0.125,0.125,0,1
-1.9939228841754,1,-0.3,0,-0.5,1,0,1,-0.5,0,39,-0.25,1,NaN,1,-0.25,0.25,1,1
0.452153516485872,1,0.25,0.62,0,1,0,1,0,0.62,39,0.31,1,NaN,1,-0.31,0.31,1,1
0.785709389303318,2,0.25,0.9,0,1,1,1,0.9,0.9,39,0.45,0,0,0,0.45,0.45,0,1
0.785709389303318,1,0,0.55,-0.55,1,1,0,0.55,-0.55,39,0,1,1,NaN,0.55,-0.55,1,1
0.785709389303318,2,0,0.15,-0.05,1,1,0,0.15,-0.05,39,0.05,1,1,NaN,0.1,-0.1,0,1
0.785709389303318,2,0,0.25,-0.16,1,1,1,0.25,0.25,39,0.045,0,0,0,0.205,0.205,0,1
0.229782934607574,1,0.15,0.63,0,1,0,1,0,0.63,39,0.315,1,NaN,1,-0.315,0.315,1,1
0.229782934607574,1,-0.2,0,-0.34,1,1,1,0,0,39,-0.17,0,0,0,0.17,0.17,1,1
0.813607105265884,1,0,0.4,-0.08,1,0,0,-0.08,-0.08,39,0.16,0,NaN,NaN,-0.24,-0.24,1,1
-0.154972781955406,2,0,0.25,-0.09,1,1,1,0.25,0.25,39,0.08,0,0,0,0.17,0.17,0,1
-0.542404736843922,2,0,0.55,-0.35,1,0,0,-0.35,-0.35,39,0.1,0,NaN,NaN,-0.45,-0.45,0,1
0.813607105265884,1,0,0.15,-0.12,1,0,1,-0.12,0.15,39,0.015,1,NaN,1,-0.135,0.135,1,1
-0.542404736843922,2,0,0.25,-0.16,1,1,0,0.25,-0.16,39,0.045,1,1,NaN,0.205,-0.205,0,1
0.813607105265884,1,0,0.4,-0.08,1,1,0,0.4,-0.08,39,0.16,1,1,NaN,0.24,-0.24,1,1
0.813607105265884,1,0,0.75,-0.15,1,1,0,0.75,-0.15,39,0.3,1,1,NaN,0.45,-0.45,1,1
0.619891127821626,2,0.25,0.79,0,1,1,0,0.79,0,39,0.395,1,1,NaN,0.395,-0.395,0,1
-0.929836691732438,1,0.15,0.54,0,1,1,0,0.54,0,39,0.27,1,1,NaN,0.27,-0.27,1,1
-4.02929233084057,2,0,0.55,-0.49,1,0,0,-0.49,-0.49,39,0.03,0,NaN,NaN,-0.52,-0.52,0,1
-2.32420964012909,2,0,0.25,-0.16,1,0,0,-0.16,-0.16,39,0.045,0,NaN,NaN,-0.205,-0.205,0,1
0.768488671333006,2,0,0.75,-0.38,1,0,1,-0.38,0.75,39,0.185,1,NaN,1,-0.565,0.565,0,1
0.768488671333006,2,0,0.75,-0.38,1,0,1,-0.38,0.75,39,0.185,1,NaN,1,-0.565,0.565,0,1
1.19022025925966,2,0.15,0.37,0,1,1,1,0.37,0.37,39,0.185,0,0,0,0.185,0.185,0,1
-2.32420964012909,1,0,0.15,-0.03,1,1,0,0.15,-0.03,39,0.06,1,1,NaN,0.09,-0.09,1,1
1.04964306328411,2,0.2,0.72,0,1,0,1,0,0.72,39,0.36,1,NaN,1,-0.36,0.36,0,1
0.206179887430807,1,0.1,0.36,0,1,1,0,0.36,0,39,0.18,1,1,NaN,0.18,-0.18,1,1
-0.074974504520293,2,0.1,0.42,0,1,0,0,0,0,39,0.21,0,NaN,NaN,-0.21,-0.21,0,1
-0.074974504520293,1,0.15,0.33,0,1,0,1,0,0.33,39,0.165,1,NaN,1,-0.165,0.165,1,1
0.206179887430807,2,0.15,0.33,0,1,1,0,0.33,0,39,0.165,1,1,NaN,0.165,-0.165,0,1
-0.356128896471393,1,0.2,0.63,0,1,1,0,0.63,0,39,0.315,1,1,NaN,0.315,-0.315,1,1
-0.074974504520293,1,-0.2,0,-0.34,1,1,0,0,-0.34,39,-0.17,1,1,NaN,0.17,-0.17,1,1
-2.32420964012909,1,-0.2,0,-0.34,1,0,0,-0.34,-0.34,39,-0.17,0,NaN,NaN,-0.17,-0.17,1,1
1.09170477666352,1,0.1,0.5,0,1,1,0,0.5,0,40,0.25,1,1,NaN,0.25,-0.25,1,1
-0.00522346783092621,1,0,0.75,-0.15,1,0,1,-0.15,0.75,40,0.3,1,NaN,1,-0.45,0.45,1,1
-1.25885574725315,1,0,0.55,-0.35,1,0,1,-0.35,0.55,40,0.1,1,NaN,1,-0.45,0.45,1,1
-0.63203960754204,1,0,0.4,-0.08,1,0,1,-0.08,0.4,40,0.16,1,NaN,1,-0.24,0.24,1,1
0.308184602024631,2,0,0.25,-0.16,1,0,0,-0.16,-0.16,40,0.045,0,NaN,NaN,-0.205,-0.205,0,1
-0.63203960754204,1,0,0.55,-0.35,1,0,1,-0.35,0.55,40,0.1,1,NaN,1,-0.45,0.45,1,1
0.621592671880188,2,0,0.15,-0.1,1,1,1,0.15,0.15,40,0.025,0,0,0,0.125,0.125,0,1
0.935000741735745,1,0,0.75,-0.26,1,0,0,-0.26,-0.26,40,0.245,0,NaN,NaN,-0.505,-0.505,1,1
0.621592671880188,2,0,0.75,-0.48,1,0,1,-0.48,0.75,40,0.135,1,NaN,1,-0.615,0.615,0,1
0.935000741735745,2,0.3,0.84,0,1,0,1,0,0.84,40,0.42,1,NaN,1,-0.42,0.42,0,1
-0.63203960754204,1,0,0.4,-0.36,1,0,1,-0.36,0.4,40,0.02,1,NaN,1,-0.38,0.38,1,1
-1.03204254426346,1,0,0.55,-0.28,1,0,0,-0.28,-0.28,40,0.135,0,NaN,NaN,-0.415,-0.415,1,1
-1.03204254426346,1,-0.1,0,-0.18,1,1,0,0,-0.18,40,-0.09,1,1,NaN,0.09,-0.09,1,1
-1.03204254426346,2,0,0.25,-0.22,1,0,0,-0.22,-0.22,40,0.015,0,NaN,NaN,-0.235,-0.235,0,1
2.18471343785642,2,0.15,0.75,0,1,1,0,0.75,0,40,0.375,1,1,NaN,0.375,-0.375,0,1
0.174240949031493,2,0,0.4,-0.26,1,1,0,0.4,-0.26,40,0.07,1,1,NaN,0.33,-0.33,0,1
0.576335446796478,2,0,0.15,-0.05,1,0,0,-0.05,-0.05,40,0.05,0,NaN,NaN,-0.1,-0.1,0,1
-0.227853548733491,1,-0.3,0,-0.55,1,1,1,0,0,40,-0.275,0,0,0,0.275,0.275,1,1
0.978429944561462,2,-0.25,0,-0.42,1,0,1,-0.42,0,40,-0.21,1,NaN,1,-0.21,0.21,0,1
-0.227853548733491,2,0,0.15,-0.12,1,0,0,-0.12,-0.12,40,0.015,0,NaN,NaN,-0.135,-0.135,0,1
-1.03204254426346,2,0.3,0.95,0,1,0,1,0,0.95,40,0.475,1,NaN,1,-0.475,0.475,0,1
-1.03204254426346,1,0.25,1.05,0,1,0,0,0,0,40,0.525,0,NaN,NaN,-0.525,-0.525,1,1
-1.03204254426346,2,0,0.15,-0.1,1,0,1,-0.1,0.15,40,0.025,1,NaN,1,-0.125,0.125,0,1
-1.03204254426346,1,-0.25,0,-0.42,1,0,1,-0.42,0,40,-0.21,1,NaN,1,-0.21,0.21,1,1
1.01036297108185,2,0,0.55,-0.49,1,1,1,0.55,0.55,40,0.03,0,0,0,0.52,0.52,0,1
-1.15470053837925,1,0.1,0.22,0,1,0,1,0,0.22,40,0.11,1,NaN,1,-0.11,0.11,1,1
0.577350269189626,2,0.15,0.63,0,1,1,1,0.63,0.63,40,0.315,0,0,0,0.315,0.315,0,1
0.144337567297407,1,0.25,0.79,0,1,1,1,0.79,0.79,40,0.395,0,0,0,0.395,0.395,1,1
1.44337567297406,1,0,0.55,-0.19,1,1,1,0.55,0.55,40,0.18,0,0,0,0.37,0.37,1,1
0.144337567297407,1,0.2,0.84,0,1,1,1,0.84,0.84,40,0.42,0,0,0,0.42,0.42,1,1
-1.15470053837925,2,0,0.75,-0.15,1,1,0,0.75,-0.15,40,0.3,1,1,NaN,0.45,-0.45,0,1
0.577350269189626,2,0.3,1.5,0,1,0,1,0,1.5,40,0.75,1,NaN,1,-0.75,0.75,0,1
0.577350269189626,2,0.3,0.74,0,1,0,0,0,0,40,0.37,0,NaN,NaN,-0.37,-0.37,0,1
